1;BI21_1SS1_DK3_T;Сработка 1СС1-ДК3 температура в Шкиперской кладовой 70 гр.Ц.
;BI21_1SS1_DK3_dT;Сработка 1СС1-ДК3 изменение температуры в Шкиперской кладовой 10 гр.Ц. в мин.
;BI21_1SS1_DK3_f;Сработка 1СС1-ДК3 дым в Шкиперской кладовой 15%
2;BI21_1SS1_DK2_T;Сработка 1СС1-ДК2 температура в Такелажной кладовой 70 гр.Ц.
;BI21_1SS1_DK2_dT;Сработка 1СС1-ДК2 изменение температуры в Такелажной кладовой 10 гр.Ц. в мин.
;BI21_1SS1_DK2_f;Сработка 1СС1-ДК2 дым в Такелажной кладовой 15%
;BI21_1SS1_DT1_T1;Сработка 1СС1-ДТ1 температура в Такелажной кладовой 30 гр.Ц.
;BI21_1SS1_DT1_T2;Сработка 1СС1-ДТ1 температура в Такелажной кладовой 70 гр.Ц.
;BI21_1SS1_DT1_dT;Сработка 1СС1-ДТ1 изменение температуры в Такелажной кладовой 10 гр.Ц. в мин.
3;BI21_1SS1_DK1_T;Сработка 1СС1-ДК1 температура в Форпике 70 гр.Ц.
;BI21_1SS1_DK1_dT;Сработка 1СС1-ДК1 изменение температуры в Форпике 10 гр.Ц. в мин.
;BI21_1SS1_DK1_f;Сработка 1СС1-ДК1 дым в Форпике 15%
5;BI21_1SS1_DTV1_T;Сработка 1СС1-ДТВ1 температура в Молярной кладовой 70 гр.Ц.
;BI21_1SS1_DTV1_dT;Сработка 1СС1-ДТВ1 изменение температуры в Молярной кладовой 10 гр.Ц. в мин.
8;BI21_1SS1_DTV2_T;Сработка 1СС1-ДТВ2 температура в Молярной кладовой 70 гр.Ц.
;BI21_1SS1_DTV2_dT;Сработка 1СС1-ДТВ2 изменение температуры в Молярной кладовой 10 гр.Ц. в мин.
;BI21_1SS1_DFV1_f;Сработка 1СС1-ДФВ1 дым в Молярной кладовой 15%
;BI21_1SS1_RV1;Сработка 1СС1-РВ1 в Молярной кладовой
;BI21_1SS1_DP1;Сработка 1СС1-ДП1 в Молярной кладовой
;BI21_1SS1_DP2;Сработка 1СС1-ДП2 в Молярной кладовой
;BI22_2SS1_DF3_f;Сработка 2СС1-ДФ3 дым в Тамбуре №4 15% 
;BI22_2SS1_DF4_f;Сработка 2СС1-ДФ4 дым в Тамбуре №4 15% 
;BI22_2SS1_R2;Сработка 2СС1-Р2 в Тамбуре №4
;BI22_2SS1_DT9_T1;Сработка 2СС1-ДТ9 температура в Клад. сух. прод. и хлеба 30 гр.Ц.
;BI22_2SS1_DT9_T2;Сработка 2СС1-ДТ9 температура в Клад. сух. прод. и хлеба 70 гр.Ц.
;BI22_2SS1_DT9_dT;Сработка 2СС1-ДТ9 изменение температуры в Клад. сух. прод. и хлеба 10 гр.Ц. в мин.  
;BI22_2SS1_DT10_T1;Сработка 2СС1-ДТ10 температура в Клад. сух. прод. и хлеба 30 гр.Ц.
;BI22_2SS1_DT10_T2;Сработка 2СС1-ДТ10 температура в Клад. сух. прод. и хлеба 70 гр.Ц.
;BI22_2SS1_DT10_dT;Сработка 2СС1-ДТ10 изменение температуры в Клад. сух. прод. и хлеба 10 гр.Ц. в мин.  
;BI22_2SS1_DF6_f;Сработка 2СС1-ДФ6 дым в Посту ПМО №2 15%
;BI22_2SS1_DT13_T1;Сработка 2СС1-ДТ13 температура в Посту ПМО №2 30 гр.Ц.
;BI22_2SS1_DT13_T2;Сработка 2СС1-ДТ13 температура в Посту ПМО №2 70 гр.Ц.
;BI22_2SS1_DT13_dT;Сработка 2СС1-ДТ13 изменение температуры в Посту ПМО №2 10 гр.Ц. в мин. 
;BI22_2SS1_DF7_f;Сработка 2СС1-ДФ7 дым в Тамбуре №5 15% 
;BI22_2SS1_R3;Сработка 2СС1-Р3 в Тамбуре №5
;BI22_2SS1_DF8_f;Сработка 2СС1-ДФ8 дым в Помещении щитов №2 15%
;BI22_2SS1_DT7_f1;Сработка 2СС1-ДТ7 влажность в Помещении щитов №2 98%
;BI22_2SS1_DT7_f2;Сработка 2СС1-ДТ7 влажность в Помещении щитов №2 80%
;BI22_2SS1_DT7_T1;Сработка 2СС1-ДТ7 температура в Помещении щитов №2 30%
;BI22_2SS1_DT7_T2;Сработка 2СС1-ДТ7 температура в Помещении щитов №2 70 гр.Ц.
;BI22_2SS1_DF5_f;Сработка 2СС1-ДФ5 дым в Помещении мороз. шкафов 15%
;BI22_2SS1_DT12_T1;Сработка 2СС1-ДТ12 температура в Помещении мороз. шкафов 30 гр.Ц.
;BI22_2SS1_DT12_T2;Сработка 2СС1-ДТ12 температура в Помещении мороз. шкафов 70 гр.Ц.
;BI22_2SS1_DT12_dT;Сработка 2СС1-ДТ12 изменение температуры в Помещении мороз. кафов 10 гр.Ц. в мин.
;BI22_2SS1_DK2_T;Сработка 2СС1-ДК2 температура в Помещении холод. шкафов 70 гр.Ц.
;BI22_2SS1_DK2_dT;Сработка 2СС1-ДК2 изменение температуры в Помещении холод. шкафов 10 гр.Ц. в мин.
;BI22_2SS1_DK2_f;Сработка 2СС1-ДК2 дым в Помещении холод. шкафов 15%
;BI22_2SS1_DT11_T1;Сработка 2СС1-ДТ11 температура в Помещении холод. шкафов 30 гр.Ц.
;BI22_2SS1_DT11_T2;Сработка 2СС1-ДТ11 температура в Помещении холод. шкафов 70 гр.Ц.
;BI22_2SS1_DT11_dT;Сработка 2СС1-ДТ11 изменение температуры в Помещении холод. шкафов 10 гр.Ц. в мин.
;BI22_2SS1_DF2_f;Сработка 2СС1-ДФ2 дым в Тамбуре №1 15%
;BI22_2SS1_R1;Сработка 2СС1-Р1 в Тамбуре №1
;BI22_2SS1_DT4_T1;Сработка 2СС1-ДТ4 температура в Помещении мех. ПУ 30 гр.Ц.
;BI22_2SS1_DT4_T2;Сработка 2СС1-ДТ4 температура в Помещении мех. ПУ 70 гр.Ц.
;BI22_2SS1_DT4_dT;Сработка 2СС1-ДТ4 изменение температуры в Помещении мех. ПУ 10 гр.Ц. в мин.
;BI22_2SS1_DT5_T1;Сработка 2СС1-ДТ5 температура в Помещении мех. ПУ 30 гр.Ц.
;BI22_2SS1_DT5_T2;Сработка 2СС1-ДТ5 температура в Помещении мех. ПУ 70 гр.Ц.
;BI22_2SS1_DT5_dT;Сработка 2СС1-ДТ5 изменение температуры в Помещении мех. ПУ 10 гр.Ц. в мин.
;BI22_2SS1_DT6_T1;Сработка 2СС1-ДТ6 температура в Помещении мех. ПУ 30 гр.Ц.
;BI22_2SS1_DT6_T2;Сработка 2СС1-ДТ6 температура в Помещении мех. ПУ 70 гр.Ц.
;BI22_2SS1_DT6_dT;Сработка 2СС1-ДТ6 изменение температуры в Помещении мех. ПУ 10 гр.Ц. в мин.
;BI22_2SS1_DK1_T;Сработка 2СС1-ДК1 температура в Кладовой ЗИП №1 70 гр.Ц.
;BI22_2SS1_DK1_dT;Сработка 2СС1-ДК1 изменение температуры в Кладовой ЗИП №1 10 гр.Ц. в мин.
;BI22_2SS1_DK1_f;Сработка 2СС1-ДК1 дым в Кладовой ЗИП №1 15%
;BI22_2SS1_DT1_T1;Сработка 2СС1-ДТ1 температура в Пом. тр. ПУ и сточ. ц. №1 30 гр.Ц.
;BI22_2SS1_DT1_T2;Сработка 2СС1-ДТ1 температура в Пом. тр. ПУ и сточ. ц. №1 70 гр.Ц.
;BI22_2SS1_DT1_dT;Сработка 2СС1-ДТ1 изменение температуры в Пом. тр. ПУ и сточ. ц. №1 10 гр.Ц. в мин.
;BI22_2SS1_DT2_T1;Сработка 2СС1-ДТ2 температура в Пом. тр. ПУ и сточ. ц. №1 30 гр.Ц.
;BI22_2SS1_DT2_T2;Сработка 2СС1-ДТ2 температура в Пом. тр. ПУ и сточ. ц. №1 70 гр.Ц.
;BI22_2SS1_DT2_dT;Сработка 2СС1-ДТ2 изменение температуры в Пом. тр. ПУ и сточ. ц. №1 10 гр.Ц. в мин.
;BI22_2SS1_DT3_T1;Сработка 2СС1-ДТ3 температура в Пом. тр. ПУ и сточ. ц. №1 30 гр.Ц.
;BI22_2SS1_DT3_T2;Сработка 2СС1-ДТ3 температура в Пом. тр. ПУ и сточ. ц. №1 70 гр.Ц.
;BI22_2SS1_DT3_dT;Сработка 2СС1-ДТ3 изменение температуры в Пом. тр. ПУ и сточ. ц. №1 10 гр.Ц. в мин.
;BI22_2SS1_DF1_f;Сработка 2СС1-ДФ1 дым в Агрегатной ПУС 15%
;BI22_2SS1_DT8_T1;Сработка 2СС1-ДТ8 температура в Агрегатной ПУС 30 гр.Ц.
;BI22_2SS1_DT8_T2;Сработка 2СС1-ДТ8 температура в Агрегатной ПУС 70 гр.Ц.
;BI22_2SS1_DT8_dT;Сработка 2СС1-ДТ8 изменение температуры в Агрегатной ПУС 10 гр.Ц. в мин.
;BI23_3SS1_DF13_f;Сработка 3СС1-ДФ13 дым в Коридоре №1 15%
;BI23_3SS1_DF14_f;Сработка 3СС1-ДФ14 дым в Коридоре №1 15%
;BI23_3SS1_R5;Сработка 3СС1-Р5 в Коридоре №1
;BI23_3SS1_DK11_V;Сработка 3СС1-ДК11 объем в Коридоре №1 20 мг. куб.
;BI23_3SS1_DK11_T;Сработка 3СС1-ДК11 температура в Коридоре №1 70 гр.Ц.
;BI23_3SS1_DK11_dT;Сработка 3СС1-ДК11 изменение температуры в Коридоре №1 10 гр.Ц. в мин.
;BI23_3SS1_DK11_f;Сработка 3СС1-ДК11 дым в Коридоре №1 15%
;BI23_3SS1_DF8_f;Сработка 3СС1-ДФ8 дым в Тамбуре №7 15%
;BI23_3SS1_R3;Сработка 3СС1-Р3 в Тамбуре №7
;BI23_3SS1_DT26_T1;Сработка 3СС1-ДТ26 температура в Гальюне мичманов 30 гр.Ц.
;BI23_3SS1_DT26_T2;Сработка 3СС1-ДТ26 температура в Гальюне мичманов 70 гр.Ц.
;BI23_3SS1_DT26_dT;Сработка 3СС1-ДТ26 изменение температуры в Гальюне мичманов 10 гр.Ц. в мин.
;BI23_3SS1_DF7_f;Сработка 3СС1-ДФ7 дым в Раздевальной мичманов 15%
;BI23_3SS1_DF20_f;Сработка 3СС1-ДФ20 дым в Тамбуре №9 15%
;BI23_3SS1_R9;Сработка 3СС1-Р9 в Тамбуре №9
;BI23_3SS1_DT35_T1;Сработка 3СС1-ДТ35 температура в Трансляционном посту 30 гр.Ц.
;BI23_3SS1_DT35_T2;Сработка 3СС1-ДТ35 температура в Трансляционном посту 70 гр.Ц.
;BI23_3SS1_DT35_dT;Сработка 3СС1-ДТ35 изменение температуры в Трансляционном посту 10 гр.Ц. в мин.
;BI23_3SS1_DT36_f1;Сработка 3СС1-ДТ36 влажность в Помещении щитов №3 98% 
;BI23_3SS1_DT36_f2;Сработка 3СС1-ДТ36 влажность в Помещении щитов №3 80% 
;BI23_3SS1_DT36_T1;Сработка 3СС1-ДТ36 температура в Помещении щитов №3 30 гр.Ц.
;BI23_3SS1_DT36_T2;Сработка 3СС1-ДТ36 температура в Помещении щитов №3 70 гр.Ц.
;BI23_3SS1_DK9_T;Сработка 3СС1-ДК9 температура в Помещении щитов №3 70 гр.Ц.
;BI23_3SS1_DK9_dT;Сработка 3СС1-ДК9 изменение температуры в Помещении щитов №3 10 гр.Ц. в мин.
;BI23_3SS1_DK9_f;Сработка 3СС1-ДК9 дым в Помещении щитов №3 15%.
;BI23_3SS1_DT37_T1;Сработка 3СС1-ДТ37 температура в Каюте мичманов №1 30 гр.Ц.
;BI23_3SS1_DT37_T2;Сработка 3СС1-ДТ37 температура в Каюте мичманов №1 70 гр.Ц.
;BI23_3SS1_DT37_dT;Сработка 3СС1-ДТ37 изменение температуры в Каюте мичманов №1 10 гр.Ц. в мин.
;BI23_3SS1_DT38_T1;Сработка 3СС1-ДТ38 температура в Каюте мичманов №1 30 гр.Ц.
;BI23_3SS1_DT38_T2;Сработка 3СС1-ДТ38 температура в Каюте мичманов №1 70 гр.Ц.
;BI23_3SS1_DT38_dT;Сработка 3СС1-ДТ38 изменение температуры в Каюте мичманов №1 10 гр.Ц. в мин.
;BI23_3SS1_DT28_T1;Сработка 3СС1-ДТ28 температура в Рубке гидроакустики 30 гр.Ц.
;BI23_3SS1_DT28_T2;Сработка 3СС1-ДТ28 температура в Рубке гидроакустики 70 гр.Ц.
;BI23_3SS1_DT28_dT;Сработка 3СС1-ДТ28 изменение температуры в Рубке гидроакустики 10 гр.Ц. в мин.
;BI23_3SS1_DT29_T1;Сработка 3СС1-ДТ29 температура в Рубке гидроакустики 30 гр.Ц.
;BI23_3SS1_DT29_T2;Сработка 3СС1-ДТ29 температура в Рубке гидроакустики 70 гр.Ц.
;BI23_3SS1_DT29_dT;Сработка 3СС1-ДТ29 изменение температуры в Рубке гидроакустики 10 гр.Ц. в мин.
;BI23_3SS1_DK10_T;Сработка 3СС1-ДК10 температура в Аппаратной АСУ Диез 70 гр.Ц.
;BI23_3SS1_DK10_dT;Сработка 3СС1-ДК10 изменение температуры в Аппаратной АСУ Диез 10 гр.Ц. в мин.
;BI23_3SS1_DK10_f;Сработка 3СС1-ДК10 дым в Аппаратной АСУ Диез 15%.
;BI23_3SS1_R4;Сработка 3СС1-Р4 в Тамбуре №6
;BI23_3SS1_DF9_f;Сработка 3СС1-ДФ9 дым в Тамбуре №6 15%
;BI23_3SS1_DT27_T1;Сработка 3СС1-ДТ27 температура в Спец. архиве 30 гр.Ц.
;BI23_3SS1_DT27_T2;Сработка 3СС1-ДТ27 температура в Спец. архиве 70 гр.Ц.
;BI23_3SS1_DT27_dT;Сработка 3СС1-ДТ27 изменение температуры в Спец. архиве 10 гр.Ц. в мин.
;BI23_3SS1_DF10_f;Сработка 3СС1-ДФ10 дым в Спец. архиве 15%
;BI23_3SS1_DT39_T1;Сработка 3СС1-ДТ39 температура в Каюте мичманов №2 30 гр.Ц.
;BI23_3SS1_DT39_T2;Сработка 3СС1-ДТ39 температура в Каюте мичманов №2 70 гр.Ц.
;BI23_3SS1_DT39_dT;Сработка 3СС1-ДТ39 изменение температуры в Каюте мичманов №2 10 гр.Ц. в мин.
;BI23_3SS1_DT40_T1;Сработка 3СС1-ДТ40 температура в Каюте мичманов №2 30 гр.Ц.
;BI23_3SS1_DT40_T2;Сработка 3СС1-ДТ40 температура в Каюте мичманов №2 70 гр.Ц.
;BI23_3SS1_DT40_dT;Сработка 3СС1-ДТ40 изменение температуры в Каюте мичманов №2 10 гр.Ц. в мин.
;BI23_3SS1_DT30_T1;Сработка 3СС1-ДТ30 температура в Посудомоечной 30 гр.Ц.
;BI23_3SS1_DT30_T2;Сработка 3СС1-ДТ30 температура в Посудомоечной 70 гр.Ц.
;BI23_3SS1_DT30_dT;Сработка 3СС1-ДТ30 изменение температуры в Посудомоечной 10 гр.Ц. в мин.
;BI23_3SS1_DF17_f;Сработка 3СС1-ДФ17 дым в Тамбуре №8 15%
;BI23_3SS1_R6;Сработка 3СС1-Р6 в Тамбуре №8
;BI23_3SS1_DK8_T;Сработка 3СС1-ДК8 температура в Столовой 70 гр.Ц.
;BI23_3SS1_DK8_dT;Сработка 3СС1-ДК8 изменение температуры в Столовой 10 гр.Ц. в мин.
;BI23_3SS1_DK8_f;Сработка 3СС1-ДК8 дым в Столовой 15%
;BI23_3SS1_DT33_T1;Сработка 3СС1-ДТ33 температура в Столовой 30 гр.Ц.
;BI23_3SS1_DT33_T2;Сработка 3СС1-ДТ33 температура в Столовой 70 гр.Ц.
;BI23_3SS1_DT33_dT;Сработка 3СС1-ДТ33 изменение температуры в Столовой 10 гр.Ц. в мин.
;BI23_3SS1_DT34_T1;Сработка 3СС1-ДТ34 температура в Столовой 30 гр.Ц.
;BI23_3SS1_DT34_T2;Сработка 3СС1-ДТ34 температура в Столовой 70 гр.Ц.
;BI23_3SS1_DT34_dT;Сработка 3СС1-ДТ34 изменение температуры в Столовой 10 гр.Ц. в мин.
;BI23_3SS1_R8;Сработка 3СС1-Р8 в Столовой
;BI23_3SS1_DF18_f;Сработка 3СС1-ДФ18 дым в Коридоре №2 15%
;BI23_3SS1_DF19_f;Сработка 3СС1-ДФ19 дым в Коридоре №2 15%
;BI23_3SS1_R7;Сработка 3СС1-Р7 в Коридоре №2
;BI23_3SS1_DK12_V;Сработка 3СС1-ДК12 объем в Коридоре №2 20 мг. куб.
;BI23_3SS1_DK12_T;Сработка 3СС1-ДК12 температура в Коридоре №2 70 гр.Ц.
;BI23_3SS1_DK12_dT;Сработка 3СС1-ДК12 изменение температуры в Коридоре №2 10 гр.Ц. в мин.
;BI23_3SS1_DK12_f;Сработка 3СС1-ДК12 дым в Коридоре №2 15%
;BI23_3SS1_DK13_V;Сработка 3СС1-ДК13 объем в Тамбуре №2 20 мг. куб.
;BI23_3SS1_DK13_T;Сработка 3СС1-ДК13 температура в Тамбуре №2 70 гр.Ц.
;BI23_3SS1_DK13_dT;Сработка 3СС1-ДК13 изменение температуры в Тамбуре №2 10 гр.Ц. в мин.
;BI23_3SS1_DK13_f;Сработка 3СС1-ДК13 дым в Тамбуре №2 15%
;BI23_3SS1_DF6_f;Сработка 3СС1-ДФ6 дым в Тамбуре №2 15%
;BI23_3SS1_R2;Сработка 3СС1-Р2 в Тамбуре №2
;BI23_3SS1_DT13_f1;Сработка 3СС1-ДТ13 влажность в Помещении щитов №1 98%
;BI23_3SS1_DT13_f2;Сработка 3СС1-ДТ13 влажность в Помещении щитов №1 80%
;BI23_3SS1_DT13_T1;Сработка 3СС1-ДТ13 температура в Помещении щитов №1 30 гр.Ц.
;BI23_3SS1_DT13_T2;Сработка 3СС1-ДТ13 температура в Помещении щитов №1 70 гр.Ц.
;BI23_3SS1_DK7_T;Сработка 3СС1-ДК7 температура в Помещении щитов №1 70 гр.Ц.
;BI23_3SS1_DK7_dT;Сработка 3СС1-ДК7 изменение температуры в Помещении щитов №1 10 гр.Ц. в мин.
;BI23_3SS1_DK7_f;Сработка 3СС1-ДК7 дым в Помещении щитов №1 15%
;BI23_3SS1_DK5_T;Сработка 3СС1-ДК5 температура в Кубрике №2 70 гр.Ц.
;BI23_3SS1_DK5_dT;Сработка 3СС1-ДК5 изменение температуры в Кубрике №2 10 гр.Ц. в мин.
;BI23_3SS1_DK5_f;Сработка 3СС1-ДК5 дым в Кубрике №2 15%
;BI23_3SS1_DK6_T;Сработка 3СС1-ДК6 температура в Кубрике №2 70 гр.Ц.
;BI23_3SS1_DK6_dT;Сработка 3СС1-ДК6 изменение температуры в Кубрике №2 10 гр.Ц. в мин.
;BI23_3SS1_DK6_f;Сработка 3СС1-ДК6 дым в Кубрике №2 15%
;BI23_3SS1_DK15_T;Сработка 3СС1-ДК15 температура в Кубрике №2 70 гр.Ц.
;BI23_3SS1_DK15_dT;Сработка 3СС1-ДК15 изменение температуры в Кубрике №2 10 гр.Ц. в мин.
;BI23_3SS1_DK15_f;Сработка 3СС1-ДК15 дым в Кубрике №2 15%
;BI23_3SS1_DT20_T1;Сработка 3СС1-ДТ20 температура в Кубрике №2 30 гр.Ц.
;BI23_3SS1_DT20_T2;Сработка 3СС1-ДТ20 температура в Кубрике №2 70 гр.Ц.
;BI23_3SS1_DT20_dT;Сработка 3СС1-ДТ20 изменение температуры в Кубрике №2 10 гр.Ц. в мин.
;BI23_3SS1_DT21_T1;Сработка 3СС1-ДТ21 температура в Кубрике №2 30 гр.Ц.
;BI23_3SS1_DT21_T2;Сработка 3СС1-ДТ21 температура в Кубрике №2 70 гр.Ц.
;BI23_3SS1_DT21_dT;Сработка 3СС1-ДТ21 изменение температуры в Кубрике №2 10 гр.Ц. в мин.
;BI23_3SS1_DT22_T1;Сработка 3СС1-ДТ22 температура в Кубрике №2 30 гр.Ц.
;BI23_3SS1_DT22_T2;Сработка 3СС1-ДТ22 температура в Кубрике №2 70 гр.Ц.
;BI23_3SS1_DT22_dT;Сработка 3СС1-ДТ22 изменение температуры в Кубрике №2 10 гр.Ц. в мин.
;BI23_3SS1_DT23_T1;Сработка 3СС1-ДТ23 температура в Кубрике №2 30 гр.Ц.
;BI23_3SS1_DT23_T2;Сработка 3СС1-ДТ23 температура в Кубрике №2 70 гр.Ц.
;BI23_3SS1_DT23_dT;Сработка 3СС1-ДТ23 изменение температуры в Кубрике №2 10 гр.Ц. в мин.
;BI23_3SS1_DT24_T1;Сработка 3СС1-ДТ24 температура в Санузле №2 30 гр.Ц.
;BI23_3SS1_DT24_T2;Сработка 3СС1-ДТ24 температура в Санузле №2 70 гр.Ц.
;BI23_3SS1_DT24_dT;Сработка 3СС1-ДТ24 изменение температуры в Санузле №2 10 гр.Ц. в мин.
;BI23_3SS1_DT25_T1;Сработка 3СС1-ДТ25 температура в Санузле №2 30 гр.Ц.
;BI23_3SS1_DT25_T2;Сработка 3СС1-ДТ25 температура в Санузле №2 70 гр.Ц.
;BI23_3SS1_DT25_dT;Сработка 3СС1-ДТ24 изменение температуры в Санузле №2 10 гр.Ц. в мин.
;BI23_3SS1_DK2_T;Сработка 3СС1-ДК2 температура в Кубрике №1 70 гр.Ц.
;BI23_3SS1_DK2_dT;Сработка 3СС1-ДК2 изменение температуры в Кубрике №1 10 гр.Ц. в мин.
;BI23_3SS1_DK2_f;Сработка 3СС1-ДК2 дым в Кубрике №1 15%
;BI23_3SS1_DK3_T;Сработка 3СС1-ДК3 температура в Кубрике №1 70 гр.Ц.
;BI23_3SS1_DK3_dT;Сработка 3СС1-ДК3 изменение температуры в Кубрике №1 10 гр.Ц. в мин.
;BI23_3SS1_DK3_f;Сработка 3СС1-ДК3 дым в Кубрике №1 15%
;BI23_3SS1_DK4_T;Сработка 3СС1-ДК4 температура в Кубрике №1 70 гр.Ц.
;BI23_3SS1_DK4_dT;Сработка 3СС1-ДК4 изменение температуры в Кубрике №1 10 гр.Ц. в мин.
;BI23_3SS1_DK4_f;Сработка 3СС1-ДК4 дым в Кубрике №1 15%
;BI23_3SS1_DK14_T;Сработка 3СС1-ДК14 температура в Кубрике №1 70 гр.Ц.
;BI23_3SS1_DK14_dT;Сработка 3СС1-ДК14 изменение температуры в Кубрике №1 10 гр.Ц. в мин.
;BI23_3SS1_DK14_f;Сработка 3СС1-ДК14 дым в Кубрике №1 15%
;BI23_3SS1_DT14_T1;Сработка 3СС1-ДТ14 температура в Кубрике №1 30 гр.Ц.
;BI23_3SS1_DT14_T2;Сработка 3СС1-ДТ14 температура в Кубрике №1 70 гр.Ц.
;BI23_3SS1_DT14_dT;Сработка 3СС1-ДТ14 изменение температуры в Кубрике №1 10 гр.Ц. в мин.
;BI23_3SS1_DT15_T1;Сработка 3СС1-ДТ15 температура в Кубрике №1 30 гр.Ц.
;BI23_3SS1_DT15_T2;Сработка 3СС1-ДТ15 температура в Кубрике №1 70 гр.Ц.
;BI23_3SS1_DT15_dT;Сработка 3СС1-ДТ15 изменение температуры в Кубрике №1 10 гр.Ц. в мин.
;BI23_3SS1_DT16_T1;Сработка 3СС1-ДТ16 температура в Кубрике №1 30 гр.Ц.
;BI23_3SS1_DT16_T2;Сработка 3СС1-ДТ16 температура в Кубрике №1 70 гр.Ц.
;BI23_3SS1_DT16_dT;Сработка 3СС1-ДТ16 изменение температуры в Кубрике №1 10 гр.Ц. в мин.
;BI23_3SS1_DT17_T1;Сработка 3СС1-ДТ17 температура в Кубрике №1 30 гр.Ц.
;BI23_3SS1_DT17_T2;Сработка 3СС1-ДТ17 температура в Кубрике №1 70 гр.Ц.
;BI23_3SS1_DT17_dT;Сработка 3СС1-ДТ17 изменение температуры в Кубрике №1 10 гр.Ц. в мин.
;BI23_3SS1_DT18_T1;Сработка 3СС1-ДТ18 температура в Кубрике №1 30 гр.Ц.
;BI23_3SS1_DT18_T2;Сработка 3СС1-ДТ18 температура в Кубрике №1 70 гр.Ц.
;BI23_3SS1_DT18_dT;Сработка 3СС1-ДТ18 изменение температуры в Кубрике №1 10 гр.Ц. в мин.
;BI23_3SS1_DT19_T1;Сработка 3СС1-ДТ19 температура в Кубрике №1 30 гр.Ц.
;BI23_3SS1_DT19_T2;Сработка 3СС1-ДТ19 температура в Кубрике №1 70 гр.Ц.
;BI23_3SS1_DT19_dT;Сработка 3СС1-ДТ19 изменение температуры в Кубрике №1 10 гр.Ц. в мин.
;BI23_3SS1_DT12_T1;Сработка 3СС1-ДТ12 температура в Санузле №1 30 гр.Ц.
;BI23_3SS1_DT12_T2;Сработка 3СС1-ДТ12 температура в Санузле №1 70 гр.Ц.
;BI23_3SS1_DT12_dT;Сработка 3СС1-ДТ12 изменение температуры в Санузле №1 10 гр.Ц. в мин.
;BI23_3SS1_DF5_f;Сработка 3СС1-ДФ5 дым в Шахте ГАС №1 15%
;BI23_3SS1_DT6_T1;Сработка 3СС1-ДТ6 температура в Пом. обор. сис. прес. воды 30 гр.Ц.
;BI23_3SS1_DT6_T2;Сработка 3СС1-ДТ6 температура в Пом. обор. сис. прес. воды 70 гр.Ц.
;BI23_3SS1_DT6_dT;Сработка 3СС1-ДТ6 изменение температуры в Пом. обор. сис. прес. воды 10 гр.Ц. в мин.
;BI23_3SS1_DT7_T1;Сработка 3СС1-ДТ7 температура в Пом. обор. сис. прес. воды 30 гр.Ц.
;BI23_3SS1_DT7_T2;Сработка 3СС1-ДТ7 температура в Пом. обор. сис. прес. воды 70 гр.Ц.
;BI23_3SS1_DT7_dT;Сработка 3СС1-ДТ7 изменение температуры в Пом. обор. сис. прес. воды 10 гр.Ц. в мин.
;BI23_3SS1_DT8_T1;Сработка 3СС1-ДТ8 температура в Пом. обор. сис. прес. воды 30 гр.Ц.
;BI23_3SS1_DT8_T2;Сработка 3СС1-ДТ8 температура в Пом. обор. сис. прес. воды 70 гр.Ц.
;BI23_3SS1_DT8_dT;Сработка 3СС1-ДТ8 изменение температуры в Пом. обор. сис. прес. воды 10 гр.Ц. в мин.
;BI23_3SS1_DF3_f;Сработка 3СС1-ДФ3 дым в Пом. обор. сис. прес. воды 15%.
;BI23_3SS1_DF4_f;Сработка 3СС1-ДФ4 дым в Пом. обор. сис. прес. воды 15%.
;BI23_3SS1_DT3_T1;Сработка 3СС1-ДТ3 температура в Аппаратной гидроакус. 30 гр.Ц.
;BI23_3SS1_DT3_T2;Сработка 3СС1-ДТ3 температура в Аппаратной гидроакус. 70 гр.Ц.
;BI23_3SS1_DT3_dT;Сработка 3СС1-ДТ3 изменение температуры в Аппаратной гидроакус. 10 гр.Ц. в мин.
;BI23_3SS1_DT4_T1;Сработка 3СС1-ДТ4 температура в Аппаратной гидроакус. 30 гр.Ц.
;BI23_3SS1_DT4_T2;Сработка 3СС1-ДТ4 температура в Аппаратной гидроакус. 70 гр.Ц.
;BI23_3SS1_DT4_dT;Сработка 3СС1-ДТ4 изменение температуры в Аппаратной гидроакус. 10 гр.Ц. в мин.
;BI23_3SS1_DT1_T1;Сработка 3СС1-ДТ1 температура в Агрегатная ПОУ ГАС 30 гр.Ц.
;BI23_3SS1_DT1_T2;Сработка 3СС1-ДТ1 температура в Агрегатная ПОУ ГАС 70 гр.Ц.
;BI23_3SS1_DT1_dT;Сработка 3СС1-ДТ1 изменение температуры в Агрегатная ПОУ ГАС 10 гр.Ц. в мин.
;BI23_3SS1_DK1_T;Сработка 3СС1-ДК1 температура в Химической кладовой 70 гр.Ц.
;BI23_3SS1_DK1_dT;Сработка 3СС1-ДК1 изменение температуры в Химической кладовой 10 гр.Ц. в мин.
;BI23_3SS1_DK1_f;Сработка 3СС1-ДК1 дым в Химической кладовой 15%
;BI23_3SS1_DT9_T1;Сработка 3СС1-ДТ9 температура в Гиропосту 30 гр.Ц.
;BI23_3SS1_DT9_T2;Сработка 3СС1-ДТ9 температура в Гиропосту 70 гр.Ц.
;BI23_3SS1_DT9_dT;Сработка 3СС1-ДТ9 изменение температуры в Гиропосту 10 гр.Ц. в мин.
;BI23_3SS1_DT10_T1;Сработка 3СС1-ДТ10 температура в Гиропосту 30 гр.Ц.
;BI23_3SS1_DT10_T2;Сработка 3СС1-ДТ10 температура в Гиропосту 70 гр.Ц.
;BI23_3SS1_DT10_dT;Сработка 3СС1-ДТ10 изменение температуры в Гиропосту 10 гр.Ц. в мин.
;BI23_3SS1_R1;Сработка 3СС1-Р1 в Гиропосту
;BI23_3SS1_DT11_T1;Сработка 3СС1-ДТ11 температура в Помещении сбора стоков 30 гр.Ц.
;BI23_3SS1_DT11_T2;Сработка 3СС1-ДТ11 температура в Помещении сбора стоков 70 гр.Ц.
;BI23_3SS1_DT11_dT;Сработка 3СС1-ДТ11 изменение температуры в Помещении сбора стоков 10 гр.Ц. в мин.
;BI24_4SS1_DT1_T1;Сработка 4СС1-ДТ1 температура в МО 30 гр.Ц.
;BI24_4SS1_DT1_T2;Сработка 4СС1-ДТ1 температура в МО 70 гр.Ц.
;BI24_4SS1_DT1_dT;Сработка 4СС1-ДТ1 изменение температуры в МО 10 гр.Ц. в мин.
;BI24_4SS1_DT2_T1;Сработка 4СС1-ДТ2 температура в МО 30 гр.Ц.
;BI24_4SS1_DT2_T2;Сработка 4СС1-ДТ2 температура в МО 70 гр.Ц.
;BI24_4SS1_DT2_dT;Сработка 4СС1-ДТ2 изменение температуры в МО 10 гр.Ц. в мин.
;BI24_4SS1_DT3_T1;Сработка 4СС1-ДТ3 температура в МО 30 гр.Ц.
;BI24_4SS1_DT3_T2;Сработка 4СС1-ДТ3 температура в МО 70 гр.Ц.
;BI24_4SS1_DT3_dT;Сработка 4СС1-ДТ3 изменение температуры в МО 10 гр.Ц. в мин.
;BI24_4SS1_DT4_T1;Сработка 4СС1-ДТ4 температура в МО 30 гр.Ц.
;BI24_4SS1_DT4_T2;Сработка 4СС1-ДТ4 температура в МО 70 гр.Ц.
;BI24_4SS1_DT4_dT;Сработка 4СС1-ДТ4 изменение температуры в МО 10 гр.Ц. в мин.
;BI24_4SS1_DT5_T1;Сработка 4СС1-ДТ5 температура в МО 30 гр.Ц.
;BI24_4SS1_DT5_T2;Сработка 4СС1-ДТ5 температура в МО 70 гр.Ц.
;BI24_4SS1_DT5_dT;Сработка 4СС1-ДТ5 изменение температуры в МО 10 гр.Ц. в мин.
;BI24_4SS1_DT6_T1;Сработка 4СС1-ДТ6 температура в МО 30 гр.Ц.
;BI24_4SS1_DT6_T2;Сработка 4СС1-ДТ6 температура в МО 70 гр.Ц.
;BI24_4SS1_DT6_dT;Сработка 4СС1-ДТ6 изменение температуры в МО 10 гр.Ц. в мин.
;BI24_4SS1_DT7_T1;Сработка 4СС1-ДТ7 температура в МО 30 гр.Ц.
;BI24_4SS1_DT7_T2;Сработка 4СС1-ДТ7 температура в МО 70 гр.Ц.
;BI24_4SS1_DT7_dT;Сработка 4СС1-ДТ7 изменение температуры в МО 10 гр.Ц. в мин.
;BI24_4SS1_DT8_T1;Сработка 4СС1-ДТ8 температура в МО 30 гр.Ц.
;BI24_4SS1_DT8_T2;Сработка 4СС1-ДТ8 температура в МО 70 гр.Ц.
;BI24_4SS1_DT8_dT;Сработка 4СС1-ДТ8 изменение температуры в МО 10 гр.Ц. в мин.
;BI24_4SS1_DT9_T1;Сработка 4СС1-ДТ9 температура в МО 30 гр.Ц.
;BI24_4SS1_DT9_T2;Сработка 4СС1-ДТ9 температура в МО 70 гр.Ц.
;BI24_4SS1_DT9_dT;Сработка 4СС1-ДТ9 изменение температуры в МО 10 гр.Ц. в мин.
;BI24_4SS1_DK3_T;Сработка 4СС1-ДК3 температура в МО 70 гр.Ц.
;BI24_4SS1_DK3_dT;Сработка 4СС1-ДК3 изменение температуры в МО 10 гр.Ц. в мин.
;BI24_4SS1_DK3_f;Сработка 4СС1-ДК3 дым в МО 15%
;BI24_4SS1_DK4_T;Сработка 4СС1-ДК4 температура в МО 70 гр.Ц.
;BI24_4SS1_DK4_dT;Сработка 4СС1-ДК4 изменение температуры в МО 10 гр.Ц. в мин.
;BI24_4SS1_DK4_f;Сработка 4СС1-ДК4 дым в МО 15%
;BI24_4SS1_DK5_T;Сработка 4СС1-ДК5 температура в МО 70 гр.Ц.
;BI24_4SS1_DK5_dT;Сработка 4СС1-ДК5 изменение температуры в МО 10 гр.Ц. в мин.
;BI24_4SS1_DK5_f;Сработка 4СС1-ДК5 дым в МО 15%
;BI24_4SS1_DK6_T;Сработка 4СС1-ДК6 температура в МО 70 гр.Ц.
;BI24_4SS1_DK6_dT;Сработка 4СС1-ДК6 изменение температуры в МО 10 гр.Ц. в мин.
;BI24_4SS1_DK6_f;Сработка 4СС1-ДК6 дым в МО 15%
;BI24_4SS1_DK7_T;Сработка 4СС1-ДК7 температура в МО 70 гр.Ц.
;BI24_4SS1_DK7_dT;Сработка 4СС1-ДК7 изменение температуры в МО 10 гр.Ц. в мин.
;BI24_4SS1_DK7_f;Сработка 4СС1-ДК7 дым в МО 15%
;BI24_4SS1_DK1_f1;Сработка 4СС1-ДК1 дым в МО меньше или равно 2%
;BI24_4SS1_DK1_f2;Сработка 4СС1-ДК1 дым в МО больше 4%
;BI24_4SS1_DK8_f1;Сработка 4СС1-ДК8 дым в МО меньше или равно 2%
;BI24_4SS1_DK8_f2;Сработка 4СС1-ДК8 дым в МО больше 4%
;BI24_4SS1_DK2_V;Сработка 4СС1-ДК2 объем в МО 20 мг. куб. 
;BI24_4SS1_DK2_T;Сработка 4СС1-ДК2 температура в МО 70 гр.Ц.
;BI24_4SS1_DK2_dT;Сработка 4СС1-ДК2 изменение температуры в МО 10 гр.Ц. в мин.
;BI24_4SS1_DK2_f;Сработка 4СС1-ДК2 дым в МО 15%
;BI24_4SS1_DK9_V;Сработка 4СС1-ДК9 объем в МО 20 мг. куб. 
;BI24_4SS1_DK9_T;Сработка 4СС1-ДК9 температура в МО 70 гр.Ц.
;BI24_4SS1_DK9_dT;Сработка 4СС1-ДК9 изменение температуры в МО 10 гр.Ц. в мин.
;BI24_4SS1_DK9_f;Сработка 4СС1-ДК9 дым в МО 15%
;BI24_4SS1_DP1;Сработка 4СС1-ДП1 в МО
;BI24_4SS1_DP2;Сработка 4СС1-ДП2 в МО
;BI24_4SS1_DP3;Сработка 4СС1-ДП3 в МО
;BI24_4SS1_DP4;Сработка 4СС1-ДП4 в МО
;BI24_4SS1_R1;Сработка 4СС1-Р1 в МО
;BI24_4SS1_R2;Сработка 4СС1-Р2 в МО
;BI24_4SS1_DF2_f;Сработка 4СС1-ДФ2 дым в Коридоре №3 15%
;BI24_4SS1_DF3_f;Сработка 4СС1-ДФ3 дым в Коридоре №3 15%
;BI24_4SS1_R4;Сработка 4СС1-Р4 в Коридоре №3 
;BI24_4SS1_R5;Сработка 4СС1-Р5 в Коридоре №3 
;BI24_4SS1_DT11_T1;Сработка 4СС1-ДТ11 температура в Камбузе 30 гр.Ц.
;BI24_4SS1_DT11_T2;Сработка 4СС1-ДТ11 температура в Камбузе 70 гр.Ц.
;BI24_4SS1_DT11_dT;Сработка 4СС1-ДТ11 изменение температуры в Камбузе 10 гр.Ц. в мин.
;BI24_4SS1_VTE1_T;Сработка 4СС1-ВТЭ1 температура в Камбузе 120 гр.Ц.
;BI24_4SS1_DF1_f;Сработка 4СС1-ДФ1 дым в Тамбуре №10 15%
;BI24_4SS1_R3;Сработка 4СС1-Р3 в Тамбуре №10
;BI24_4SS1_DK10_T;Сработка 4СС1-ДК10 температура в Пом. изделия КДС-703 70 гр.Ц.
;BI24_4SS1_DK10_dT;Сработка 4СС1-ДК10 изменение температуры в Пом. изделия КДС-703 10 гр.Ц. в мин.
;BI24_4SS1_DK10_f;Сработка 4СС1-ДК10 дым в Пом. изделия КДС-703 15%
;BI24_4SS1_DT15_f1;Сработка 4СС1-ДТ15 влажность в  Пом. изделия КДС-703 98%
;BI24_4SS1_DT15_f2;Сработка 4СС1-ДТ15 влажность в  Пом. изделия КДС-703 80%
;BI24_4SS1_DT15_T1;Сработка 4СС1-ДТ15 температура в  Пом. изделия КДС-703 30 гр.Ц.
;BI24_4SS1_DT15_T2;Сработка 4СС1-ДТ15 температура в  Пом. изделия КДС-703 70 гр.Ц.
;BI24_4SS1_DT10_T1;Сработка 4СС1-ДТ10 температура в  Расх. клад. камбуза 30 гр.Ц.
;BI24_4SS1_DT10_T2;Сработка 4СС1-ДТ10 температура в  Расх. клад. камбуза 70 гр.Ц.
;BI24_4SS1_DT10_dT;Сработка 4СС1-ДТ10 изменение температуры в  Расх. клад. камбуза 10 гр.Ц. в мин.
;BI24_4SS1_DT16_f1;Сработка 4СС1-ДТ16 влажность в  Пом. ГРЩ №1 98%
;BI24_4SS1_DT16_f2;Сработка 4СС1-ДТ16 влажность в  Пом. ГРЩ №1 80%
;BI24_4SS1_DT16_T1;Сработка 4СС1-ДТ16 температура в  Пом. ГРЩ №1 30 гр.Ц.
;BI24_4SS1_DT16_T2;Сработка 4СС1-ДТ16 температура в  Пом. ГРЩ №1 70 гр.Ц.
;BI24_4SS1_DT17_f1;Сработка 4СС1-ДТ17 влажность в  Пом. ГРЩ №1 98%
;BI24_4SS1_DT17_f2;Сработка 4СС1-ДТ17 влажность в  Пом. ГРЩ №1 80%
;BI24_4SS1_DT17_T1;Сработка 4СС1-ДТ17 температура в  Пом. ГРЩ №1 30 гр.Ц.
;BI24_4SS1_DT17_T2;Сработка 4СС1-ДТ17 температура в  Пом. ГРЩ №1 70 гр.Ц.
;BI24_4SS1_DK12_V;Сработка 4СС1-ДК12 объем в Пом. ГРЩ №1 20 мг. куб. 
;BI24_4SS1_DK12_T;Сработка 4СС1-ДК12 температура в Пом. ГРЩ №1 70 гр.Ц.
;BI24_4SS1_DK12_dT;Сработка 4СС1-ДК12 изменение температуры в Пом. ГРЩ №1 10 гр.Ц. в мин.
;BI24_4SS1_DK12_f;Сработка 4СС1-ДК12 дым в Пом. ГРЩ №1 15%
;BI24_4SS1_DK14_f1;Сработка 4СС1-ДК14 дым в Пом. ГРЩ №1 меньше или равно 2%
;BI24_4SS1_DK14_f2;Сработка 4СС1-ДК14 дым в Пом. ГРЩ №1 больше 4%
;BI24_4SS1_DP5;Сработка 4СС1-ДП5 в Пом. ГРЩ №1
;BI24_4SS1_DP6;Сработка 4СС1-ДП6 в Пом. ГРЩ №1
;BI24_4SS1_DK11_T;Сработка 4СС1-ДК11 температура в КПЭЖ 70 гр.Ц.
;BI24_4SS1_DK11_dT;Сработка 4СС1-ДК11 изменение  температуры в КПЭЖ 10 гр.Ц. в мин.
;BI24_4SS1_DK11_f;Сработка 4СС1-ДК11 дым в КПЭЖ 15%
;BI24_4SS1_DT12_T1;Сработка 4СС1-ДТ12 температура в КПЭЖ 30 гр.Ц.
;BI24_4SS1_DT12_T2;Сработка 4СС1-ДТ12 температура в КПЭЖ 70 гр.Ц.
;BI24_4SS1_DT12_dT;Сработка 4СС1-ДТ12 изменение  температуры в КПЭЖ 10 гр.Ц. в мин.
;BI24_4SS1_DF4_f;Сработка 4СС1-ДФ4 дым в Тамбуре №11 15%
;BI24_4SS1_R6;Сработка 4СС1-Р6 в Тамбуре №11
;BI24_4SS1_DK13_T;Сработка 4СС1-ДК13 температура в Кладовой ЗИП №2 70 гр.Ц.
;BI24_4SS1_DK13_dT;Сработка 4СС1-ДК13 изменение температуры в Кладовой ЗИП №2 10 гр.Ц. в мин.
;BI24_4SS1_DK13_f;Сработка 4СС1-ДК13 дым в Кладовой ЗИП №2 15%
;BI25_5SS1_VD2;Сработка 5СС1-ВД2 в Помещении ППР
;BI25_5SS1_DT1_T1;Сработка 5СС1-ДТ1 температура в Помещении ППР 30 гр.Ц.
;BI25_5SS1_DT1_T2;Сработка 5СС1-ДТ1 температура в Помещении ППР 70 гр.Ц.
;BI25_5SS1_DT1_dT;Сработка 5СС1-ДТ1 изменение температуры в Помещении ППР 10 гр.Ц. в мин.
;BI25_5SS1_DT4_T1;Сработка 5СС1-ДТ4 температура в Пом. обор. сточ. сист. 30 гр.Ц.
;BI25_5SS1_DT4_T2;Сработка 5СС1-ДТ4 температура в Пом. обор. сточ. сист. 70 гр.Ц.
;BI25_5SS1_DT4_dT;Сработка 5СС1-ДТ4 изменение температуры в Пом. обор. сточ. сист. 10 гр.Ц. в мин.
;BI25_5SS1_VD1;Сработка 5СС1-ВД1 в Пом. обор. сточ. сист. 
;BI25_5SS1_DK1_f1;Сработка 5СС1-ДК1 дым в ОВМ меньше или равна 2%
;BI25_5SS1_DK1_f2;Сработка 5СС1-ДК1 дым в ОВМ больше 4%
;BI25_5SS1_DT2_T1;Сработка 5СС1-ДТ2 температура в ОВМ 30 гр.Ц.
;BI25_5SS1_DT2_T2;Сработка 5СС1-ДТ2 температура в ОВМ 70 гр.Ц.
;BI25_5SS1_DT2_dT;Сработка 5СС1-ДТ2 изменение температуры в ОВМ 10 гр.Ц. в мин.
;BI25_5SS1_DT3_T1;Сработка 5СС1-ДТ3 температура в ОВМ 30 гр.Ц.
;BI25_5SS1_DT3_T2;Сработка 5СС1-ДТ3 температура в ОВМ 70 гр.Ц.
;BI25_5SS1_DT3_dT;Сработка 5СС1-ДТ3 изменение температуры в ОВМ 10 гр.Ц. в мин.
;BI25_5SS1_DP1;Сработка 5СС1-ДП1 в ОВМ
;BI25_5SS1_DP2;Сработка 5СС1-ДП2 в ОВМ
;BI25_5SS1_R1;Сработка 5СС1-Р1 в ОВМ
;BI25_5SS1_DK2_V;Сработка 5СС1-ДК2 объем в ОВМ 20 мг. куб.
;BI25_5SS1_DK2_T;Сработка 5СС1-ДК2 температура в ОВМ 70 гр.Ц.
;BI25_5SS1_DK2_dT;Сработка 5СС1-ДК2 изменение температуры в ОВМ 10 гр.Ц. в мин.
;BI25_5SS1_DK2_f;Сработка 5СС1-ДК2 дым в ОВМ 25%
;BI25_5SS1_VTE1_T;Сработка 5СС1-ВТЭ1 температура в Шахте газоходов №1 120 гр.Ц.
;BI25_5SS1_VTE2_T;Сработка 5СС1-ВТЭ2 температура в Шахте газоходов №2 120 гр.Ц.
;BI25_5SS1_DK3_T;Сработка 5СС1-ДК3 температура в Помещении БП РХР 70 гр.Ц.
;BI25_5SS1_DK3_dT;Сработка 5СС1-ДК3 изменение температуры в Помещении БП РХР 10 гр.Ц. в мин.
;BI25_5SS1_DK3_f;Сработка 5СС1-ДК3 дым в Помещении БП РХР 15%
;BI25_5SS1_DF4_f;Сработка 5СС1-ДФ4 дым в Тамбуре №12 15%
;BI25_5SS1_R4;Сработка 5СС1-Р4 в Тамбуре №12 
;BI25_5SS1_DF5_f;Сработка 5СС1-ДФ5 дым в Тамбуре №13 15%
;BI25_5SS1_R5;Сработка 5СС1-Р5 в Тамбуре №13 
;BI25_5SS1_DF3_f;Сработка 5СС1-ДФ3 дым в Раздевальной команды (ПСО) 15%
;BI25_5SS1_DT5_T1;Сработка 5СС1-ДТ5 температура в Санузле №3 30 гр.Ц.
;BI25_5SS1_DT5_T2;Сработка 5СС1-ДТ5 температура в Санузле №3 70 гр.Ц.
;BI25_5SS1_DT5_dT;Сработка 5СС1-ДТ5 изменение температуры в Санузле №3 10 гр.Ц. в мин.
;BI25_5SS1_DF1_f;Сработка 5СС1-ДФ1 дым в Коридорке №4 15%
;BI25_5SS1_DF2_f;Сработка 5СС1-ДФ2 дым в Коридорке №4 15%
;BI25_5SS1_R2;Сработка 5СС1-Р2 в Коридоре №4
;BI25_5SS1_R3;Сработка 5СС1-Р3 в Коридоре №4
;BI26_6SS1_DT1_T1;Сработка 6СС1-ДТ1 температура в ДГО 30 гр.Ц.
;BI26_6SS1_DT1_T2;Сработка 6СС1-ДТ1 температура в ДГО 70 гр.Ц.
;BI26_6SS1_DT1_dT;Сработка 6СС1-ДТ1 изменение температура в ДГО 10 гр.Ц. в мин.
;BI26_6SS1_DT2_T1;Сработка 6СС1-ДТ2 температура в ДГО 30 гр.Ц.
;BI26_6SS1_DT2_T2;Сработка 6СС1-ДТ2 температура в ДГО 70 гр.Ц.
;BI26_6SS1_DT2_dT;Сработка 6СС1-ДТ2 изменение температура в ДГО 10 гр.Ц. в мин.
;BI26_6SS1_DT3_T1;Сработка 6СС1-ДТ3 температура в ДГО 30 гр.Ц.
;BI26_6SS1_DT3_T2;Сработка 6СС1-ДТ3 температура в ДГО 70 гр.Ц.
;BI26_6SS1_DT3_dT;Сработка 6СС1-ДТ3 изменение температура в ДГО 10 гр.Ц. в мин.
;BI26_6SS1_DT4_T1;Сработка 6СС1-ДТ4 температура в ДГО 30 гр.Ц.
;BI26_6SS1_DT4_T2;Сработка 6СС1-ДТ4 температура в ДГО 70 гр.Ц.
;BI26_6SS1_DT4_dT;Сработка 6СС1-ДТ4 изменение температура в ДГО 10 гр.Ц. в мин.
;BI26_6SS1_DT5_T1;Сработка 6СС1-ДТ5 температура в ДГО 30 гр.Ц.
;BI26_6SS1_DT5_T2;Сработка 6СС1-ДТ5 температура в ДГО 70 гр.Ц.
;BI26_6SS1_DT5_dT;Сработка 6СС1-ДТ5 изменение температура в ДГО 10 гр.Ц. в мин.
;BI26_6SS1_DT6_T1;Сработка 6СС1-ДТ6 температура в ДГО 30 гр.Ц.
;BI26_6SS1_DT6_T2;Сработка 6СС1-ДТ6 температура в ДГО 70 гр.Ц.
;BI26_6SS1_DT6_dT;Сработка 6СС1-ДТ6 изменение температура в ДГО 10 гр.Ц. в мин.
;BI26_6SS1_DT7_T1;Сработка 6СС1-ДТ7 температура в ДГО 30 гр.Ц.
;BI26_6SS1_DT7_T2;Сработка 6СС1-ДТ7 температура в ДГО 70 гр.Ц.
;BI26_6SS1_DT7_dT;Сработка 6СС1-ДТ7 изменение температура в ДГО 10 гр.Ц. в мин.
;BI26_6SS1_DT8_T1;Сработка 6СС1-ДТ8 температура в ДГО 30 гр.Ц.
;BI26_6SS1_DT8_T2;Сработка 6СС1-ДТ8 температура в ДГО 70 гр.Ц.
;BI26_6SS1_DT8_dT;Сработка 6СС1-ДТ8 изменение температура в ДГО 10 гр.Ц. в мин.
;BI26_6SS1_DP1;Сработка 6СС1-ДП1 в ДГО
;BI26_6SS1_DP2;Сработка 6СС1-ДП2 в ДГО
;BI26_6SS1_DP3;Сработка 6СС1-ДП3 в ДГО
;BI26_6SS1_DP4;Сработка 6СС1-ДП4 в ДГО
;BI26_6SS1_DK3_T;Сработка 6СС1-ДК3 температура в ДГО 70 гр.Ц.
;BI26_6SS1_DK3_dT;Сработка 6СС1-ДК3 изменение температуры в ДГО 10 гр.Ц. в мин.
;BI26_6SS1_DK3_f;Сработка 6СС1-ДК3 дым в ДГО 15%
;BI26_6SS1_DK4_T;Сработка 6СС1-ДК4 температура в ДГО 70 гр.Ц.
;BI26_6SS1_DK4_dT;Сработка 6СС1-ДК4 изменение температуры в ДГО 10 гр.Ц. в мин.
;BI26_6SS1_DK4_f;Сработка 6СС1-ДК4 дым в ДГО 15%
;BI26_6SS1_DK5_T;Сработка 6СС1-ДК5 температура в ДГО 70 гр.Ц.
;BI26_6SS1_DK5_dT;Сработка 6СС1-ДК5 изменение температуры в ДГО 10 гр.Ц. в мин.
;BI26_6SS1_DK5_f;Сработка 6СС1-ДК5 дым в ДГО 15%
;BI26_6SS1_DK6_T;Сработка 6СС1-ДК6 температура в ДГО 70 гр.Ц.
;BI26_6SS1_DK6_dT;Сработка 6СС1-ДК6 изменение температуры в ДГО 10 гр.Ц. в мин.
;BI26_6SS1_DK6_f;Сработка 6СС1-ДК6 дым в ДГО 15%
;BI26_6SS1_DK7_T;Сработка 6СС1-ДК7 температура в ДГО 70 гр.Ц.
;BI26_6SS1_DK7_dT;Сработка 6СС1-ДК7 изменение температуры в ДГО 10 гр.Ц. в мин.
;BI26_6SS1_DK7_f;Сработка 6СС1-ДК7 дым в ДГО 15%
;BI26_6SS1_DK2_V;Сработка 6СС1-ДК2 объем в ДГО 20 мг. куб. 
;BI26_6SS1_DK2_T;Сработка 6СС1-ДК2 температура в ДГО 70 гр.Ц.
;BI26_6SS1_DK2_dT;Сработка 6СС1-ДК2 изменение температуры в ДГО 10 гр.Ц. в мин.
;BI26_6SS1_DK2_f;Сработка 6СС1-ДК2 дым в ДГО 25%
;BI26_6SS1_DK8_V;Сработка 6СС1-ДК8 объем в ДГО 20 мг. куб. 
;BI26_6SS1_DK8_T;Сработка 6СС1-ДК8 температура в ДГО 70 гр.Ц.
;BI26_6SS1_DK8_dT;Сработка 6СС1-ДК8 изменение температуры в ДГО 10 гр.Ц. в мин.
;BI26_6SS1_DK8_f;Сработка 6СС1-ДК8 дым в ДГО 25%
;BI26_6SS1_DK1_f1;Сработка 6СС1-ДК1 дым в ДГО меньше или равна 2%
;BI26_6SS1_DK1_f2;Сработка 6СС1-ДК1 дым в ДГО больше 4%
;BI26_6SS1_R1;Сработка 6СС1-Р1 в ДГО
;BI26_6SS1_R2;Сработка 6СС1-Р2 в ДГО
;BI26_6SS1_VD1;Сработка 6СС1-ВД1 в ДГО
;BI26_6SS1_DT9_T1;Сработка 6СС1-ДТ9 температура в Пом. насос. агрегата СПА 30 гр.Ц.
;BI26_6SS1_DT9_T2;Сработка 6СС1-ДТ9 температура в Пом. насос. агрегата СПА 70 гр.Ц.
;BI26_6SS1_DT9_dT;Сработка 6СС1-ДТ9 изменение температуры в Пом. насос. агрегата СПА 10 гр.Ц. в мин.
;BI26_6SS1_DP5;Сработка 6СС1-ДП5  в Пом. насос. агрегата СПА 
;BI26_6SS1_DK9_T;Сработка 6СС1-ДК9 температура в Водолазной клад. №1 70 гр.Ц.
;BI26_6SS1_DK9_dT;Сработка 6СС1-ДК9 изменение температуры в Водолазной клад. №1 10 гр.Ц. в мин.
;BI26_6SS1_DK9_f;Сработка 6СС1-ДК9 дым в Водолазной клад. №1 15%
;BI26_6SS1_DF1_f;Сработка 6СС1-ДФ1 дым в Тамбуре №3 15%
;BI26_6SS1_R4;Сработка 6СС1-Р4 в Тамбуре №3
;BI26_6SS1_R3;Сработка 6СС1-Р3 в Помещении ГРЩ №2
;BI26_6SS1_DT19_f1;Сработка 6СС1-ДТ19 влажность в Помещении ГРЩ №2 98%
;BI26_6SS1_DT19_f2;Сработка 6СС1-ДТ19 влажность в Помещении ГРЩ №2 80%
;BI26_6SS1_DT19_T1;Сработка 6СС1-ДТ19 температура в Помещении ГРЩ №2 30 гр.Ц.
;BI26_6SS1_DT19_T2;Сработка 6СС1-ДТ19 температура в Помещении ГРЩ №2 70 гр.Ц.
;BI26_6SS1_DT20_f1;Сработка 6СС1-ДТ20 влажность в Помещении ГРЩ №2 98%
;BI26_6SS1_DT20_f2;Сработка 6СС1-ДТ20 влажность в Помещении ГРЩ №2 80%
;BI26_6SS1_DT20_T1;Сработка 6СС1-ДТ20 температура в Помещении ГРЩ №2 30 гр.Ц.
;BI26_6SS1_DT20_T2;Сработка 6СС1-ДТ20 температура в Помещении ГРЩ №2 70 гр.Ц.
;BI26_6SS1_DP6;Сработка 6СС1-ДП6 в Помещении ГРЩ №2
;BI26_6SS1_DP7;Сработка 6СС1-ДП7 в Помещении ГРЩ №2
;BI26_6SS1_DK10_V;Сработка 6СС1-ДК10 объем в Помещении ГРЩ №2 20 мг. куб.
;BI26_6SS1_DK10_T;Сработка 6СС1-ДК10 температура в Помещении ГРЩ №2 70 гр.Ц.
;BI26_6SS1_DK10_dT;Сработка 6СС1-ДК10 изменение температуры в Помещении ГРЩ №2 10 гр.Ц. в мин.
;BI26_6SS1_DK10_f;Сработка 6СС1-ДК10 дым в Помещении ГРЩ №2 15%
;BI26_6SS1_DK11_f1;Сработка 6СС1-ДК11 дым в Помещении ГРЩ №2 меньше или равна 2%
;BI26_6SS1_DK11_f2;Сработка 6СС1-ДК11 дым в Помещении ГРЩ №2 больше 4%
;BI26_6SS1_DF4_f;Сработка 6СС1-ДФ4 влажночть в Коридоре №5 15%
;BI26_6SS1_DF5_f;Сработка 6СС1-ДФ5 влажночть в Коридоре №5 15%
;BI26_6SS1_R7;Сработка 6СС1-Р7 в Коридоре №5 
;BI26_6SS1_R8;Сработка 6СС1-Р8 в Коридоре №5 
;BI26_6SS1_DF2_f;Сработка 6СС1-ДФ2 влажночть в Эллинге СПА 15%
;BI26_6SS1_DK12_T;Сработка 6СС1-ДК12 температура в Эллинге СПА 70 гр.Ц.
;BI26_6SS1_DK12_dT;Сработка 6СС1-ДК12 изменение температуры в Эллинге СПА 10 гр.Ц. в мин.
;BI26_6SS1_DK12_f;Сработка 6СС1-ДК12 дым в Эллинге СПА 15%
;BI26_6SS1_DF3_f;Сработка 6СС1-ДФ3 влажночть в Тамбуре №14 15%
;BI26_6SS1_R5;Сработка 6СС1-Р5 в Тамбуре №14 
;BI26_6SS1_DF6_f;Сработка 6СС1-ДФ3 влажночть в Водолазной кладовой №2 15%
;BI26_6SS1_DT15_T1;Сработка 6СС1-ДТ15 температура в Помещении дежурного 30 гр.Ц.
;BI26_6SS1_DT15_T2;Сработка 6СС1-ДТ15 температура в Помещении дежурного 70 гр.Ц.
;BI26_6SS1_DT15_dT;Сработка 6СС1-ДТ15 изменение температуры в Помещении дежурного 10 гр.Ц. в мин.
;BI26_6SS1_DT16_T1;Сработка 6СС1-ДТ16 температура в Помещении дежурного 30 гр.Ц.
;BI26_6SS1_DT16_T2;Сработка 6СС1-ДТ16 температура в Помещении дежурного 70 гр.Ц.
;BI26_6SS1_DT16_dT;Сработка 6СС1-ДТ16 изменение температуры в Помещении дежурного 10 гр.Ц. в мин.
;BI26_6SS1_R9;Сработка 6СС1-Р9 в Помещении дежурного 
;BI26_6SS1_DT12_T1;Сработка 6СС1-ДТ12 температура в Прачечной (ПСО) 30 гр.Ц.
;BI26_6SS1_DT12_T2;Сработка 6СС1-ДТ12 температура в Прачечной (ПСО) 70 гр.Ц.
;BI26_6SS1_DT12_dT;Сработка 6СС1-ДТ12 изменение температуры в Прачечной (ПСО) 10 гр.Ц. в мин.
;BI26_6SS1_DT13_T1;Сработка 6СС1-ДТ13 температура в Прачечной (ПСО) 30 гр.Ц.
;BI26_6SS1_DT13_T2;Сработка 6СС1-ДТ13 температура в Прачечной (ПСО) 70 гр.Ц.
;BI26_6SS1_DT13_dT;Сработка 6СС1-ДТ13 изменение температуры в Прачечной (ПСО) 10 гр.Ц. в мин.
;BI26_6SS1_DF8_f;Сработка 6СС1-ДФ8 влажночть в Эллинге БТ 15%
;BI26_6SS1_DK14_T;Сработка 6СС1-ДК14 температура в Эллинге БТ 70 гр.Ц.
;BI26_6SS1_DK14_dT;Сработка 6СС1-ДК14 изменение температуры в Эллинге БТ 10 гр.Ц. в мин.
;BI26_6SS1_DK14_f;Сработка 6СС1-ДК14 дым в Эллинге БТ 15%
;BI26_6SS1_DF9_f;Сработка 6СС1-ДФ9 влажночть в Тамбуре шлюзе №15 (ПСО) 15%
;BI26_6SS1_R6;Сработка 6СС1-Р6 в Тамбуре шлюзе №15 (ПСО) 
;BI26_6SS1_DK13_T;Сработка 6СС1-ДК13 температура в Сушильной 70 гр.Ц.
;BI26_6SS1_DK13_dT;Сработка 6СС1-ДК13 изменение температуры в Сушильной 10 гр.Ц. в мин.
;BI26_6SS1_DK13_f;Сработка 6СС1-ДК14 дым в Сушильной 15%
;BI26_6SS1_DT18;Сработка 6СС1-ДТ18 в Помещении щитов №4
;BI26_6SS1_DF7_f;Сработка 6СС1-ДФ7 влажночть в Помещении щитов №4 15%
;BI26_6SS1_DT17_T1;Сработка 6СС1-ДТ17 температура в Станции ОХТ №1 30 гр.Ц.
;BI26_6SS1_DT17_T2;Сработка 6СС1-ДТ17 температура в Станции ОХТ №1 70 гр.Ц.
;BI26_6SS1_DT17_dT;Сработка 6СС1-ДТ17 изменение температуры в Станции ОХТ №1 10 гр.Ц. в мин.
;BI26_6SS1_DF10_f;Сработка 6СС1-ДФ10 влажночть в Тамбуре №16 15%
;BI26_6SS1_R10;Сработка 6СС1-Р10 в Тамбуре №16 
;BI26_6SS1_DK15_T;Сработка 6СС1-ДК15 температура в Агрегатной ПМО №2 70 гр.Ц.
;BI26_6SS1_DK15_dT;Сработка 6СС1-ДК15 изменение температуры в Агрегатной ПМО №2 10 гр.Ц. в мин.
;BI26_6SS1_DK15_f;Сработка 6СС1-ДК15 дым в Агрегатной ПМО №2 15%
;BI26_6SS1_DK16_T;Сработка 6СС1-ДК16 температура в Посту ПМО №1 70 гр.Ц.
;BI26_6SS1_DK16_dT;Сработка 6СС1-ДК16 изменение температуры в Посту ПМО №1 10 гр.Ц. в мин.
;BI26_6SS1_DK16_f;Сработка 6СС1-ДК16 дым в Посту ПМО №1 15%
;BI26_6SS1_R11;Сработка 6СС1-Р11 в Посту ПМО №1
;BI27_7SS1_DK4_T;Сработка 7СС1-ДК4 температура в Тральной кладовой 70 гр.Ц.
;BI27_7SS1_DK4_dT;Сработка 7СС1-ДК4 изменение температуры в Тральной кладовой 10 гр.Ц. в мин.
;BI27_7SS1_DK4_f;Сработка 7СС1-ДК4 дым в Тральной кладовой 15%
;BI27_7SS1_DK5_T;Сработка 7СС1-ДК5 температура в Тральной кладовой 70 гр.Ц.
;BI27_7SS1_DK5_dT;Сработка 7СС1-ДК5 изменение температуры в Тральной кладовой 10 гр.Ц. в мин.
;BI27_7SS1_DK5_f;Сработка 7СС1-ДК5 дым в Тральной кладовой 15%
;BI27_7SS1_DK1_T;Сработка 7СС1-ДК1 температура в Агрегатной ПМО №1 70 гр.Ц.
;BI27_7SS1_DK1_dT;Сработка 7СС1-ДК1 изменение температуры в Агрегатной ПМО №1 10 гр.Ц. в мин.
;BI27_7SS1_DK1_f;Сработка 7СС1-ДК1 дым в Агрегатной ПМО №1 15%
;BI27_7SS1_DF1_f;Сработка 7СС1-ДФ1 дым в Агрегатной ПМО №1 15%
;BI27_7SS1_DK2_T;Сработка 7СС1-ДК2 температура в Пом. гидроагрегатов 70 гр.Ц.
;BI27_7SS1_DK2_dT;Сработка 7СС1-ДК2 изменение температуры в Пом. гидроагрегатов 10 гр.Ц. в мин.
;BI27_7SS1_DK2_f;Сработка 7СС1-ДК2 дым в Пом. гидроагригатов 15%
;BI27_7SS1_DK3_T;Сработка 7СС1-ДК3 температура в Пом. гидроагрегатов 70 гр.Ц.
;BI27_7SS1_DK3_dT;Сработка 7СС1-ДК3 изменение температуры в Пом. гидроагрегатов 10 гр.Ц. в мин.
;BI27_7SS1_DK3_f;Сработка 7СС1-ДК3 дым в Пом. гидроагригатов 15%
;BI27_7SS1_DF2_f;Сработка 7СС1-ДФ2 дым в Кладовой АСИ 15%
;BI27_7SS1_DK6_T;Сработка 7СС1-ДК6 температура в Румпельном отделении 70 гр.Ц.
;BI27_7SS1_DK6_dT;Сработка 7СС1-ДК6 изменение температуры в Румпельном отделении 10 гр.Ц. в мин.
;BI27_7SS1_DK6_f;Сработка 7СС1-ДК6 дым в Румпельном отделении 15%
;BI27_7SS1_DK7_T;Сработка 7СС1-ДК7 температура в Румпельном отделении 70 гр.Ц.
;BI27_7SS1_DK7_dT;Сработка 7СС1-ДК7 изменение температуры в Румпельном отделении 10 гр.Ц. в мин.
;BI27_7SS1_DK7_f;Сработка 7СС1-ДК7 дым в Румпельном отделении 15%
;BI27_7SS1_DK8_T;Сработка 7СС1-ДК8 температура в Румпельном отделении 70 гр.Ц.
;BI27_7SS1_DK8_dT;Сработка 7СС1-ДК8 изменение температуры в Румпельном отделении 10 гр.Ц. в мин.
;BI27_7SS1_DK8_f;Сработка 7СС1-ДК8 дым в Румпельном отделении 15%
;BI27_7SS1_DK9_T;Сработка 7СС1-ДК9 температура в Румпельном отделении 70 гр.Ц.
;BI27_7SS1_DK9_dT;Сработка 7СС1-ДК9 изменение температуры в Румпельном отделении 10 гр.Ц. в мин.
;BI27_7SS1_DK9_f;Сработка 7СС1-ДК9 дым в Румпельном отделении 15%
;BI27_7SS1_DK10_T;Сработка 7СС1-ДК10 температура в Румпельном отделении 70 гр.Ц.
;BI27_7SS1_DK10_dT;Сработка 7СС1-ДК10 изменение температуры в Румпельном отделении 10 гр.Ц. в мин.
;BI27_7SS1_DK10_f;Сработка 7СС1-ДК10 дым в Румпельном отделении 15%
;BI27_7SS1_DT1_T1;Сработка 7СС1-ДТ1 температура в Румпельном отделении 30 гр.Ц.
;BI27_7SS1_DT1_T2;Сработка 7СС1-ДТ1 температура в Румпельном отделении 70 гр.Ц.
;BI27_7SS1_DT1_dT;Сработка 7СС1-ДТ1 изменение температуры в Румпельном отделении 10 гр.Ц. в мин.
;BI27_7SS1_DT2_T1;Сработка 7СС1-ДТ2 температура в Румпельном отделении 30 гр.Ц.
;BI27_7SS1_DT2_T2;Сработка 7СС1-ДТ2 температура в Румпельном отделении 70 гр.Ц.
;BI27_7SS1_DT2_dT;Сработка 7СС1-ДТ2 изменение температуры в Румпельном отделении 10 гр.Ц. в мин.
;BI27_7SS1_DT3_T1;Сработка 7СС1-ДТ3 температура в Румпельном отделении 30 гр.Ц.
;BI27_7SS1_DT3_T2;Сработка 7СС1-ДТ3 температура в Румпельном отделении 70 гр.Ц.
;BI27_7SS1_DT3_dT;Сработка 7СС1-ДТ3 изменение температуры в Румпельном отделении 10 гр.Ц. в мин.
;BI27_7SS1_DT4_T1;Сработка 7СС1-ДТ4 температура в Румпельном отделении 30 гр.Ц.
;BI27_7SS1_DT4_T2;Сработка 7СС1-ДТ4 температура в Румпельном отделении 70 гр.Ц.
;BI27_7SS1_DT4_dT;Сработка 7СС1-ДТ4 изменение температуры в Румпельном отделении 10 гр.Ц. в мин.
;BI27_7SS1_DT5_T1;Сработка 7СС1-ДТ5 температура в Румпельном отделении 30 гр.Ц.
;BI27_7SS1_DT5_T2;Сработка 7СС1-ДТ5 температура в Румпельном отделении 70 гр.Ц.
;BI27_7SS1_DT5_dT;Сработка 7СС1-ДТ5 изменение температуры в Румпельном отделении 10 гр.Ц. в мин.
;BI27_7SS1_DT6_T1;Сработка 7СС1-ДТ6 температура в Румпельном отделении 30 гр.Ц.
;BI27_7SS1_DT6_T2;Сработка 7СС1-ДТ6 температура в Румпельном отделении 70 гр.Ц.
;BI27_7SS1_DT6_dT;Сработка 7СС1-ДТ6 изменение температуры в Румпельном отделении 10 гр.Ц. в мин.
;BI28_8SS1_DT2_T1;Сработка 8СС1-ДТ2 температура в Каюте командира 30 гр.Ц.
;BI28_8SS1_DT2_T2;Сработка 8СС1-ДТ2 температура в Каюте командира 70 гр.Ц.
;BI28_8SS1_DT2_dT;Сработка 8СС1-ДТ2 изменение температуры в Каюте командира 10 гр.Ц. в мин.
;BI28_8SS1_DT3_T1;Сработка 8СС1-ДТ3 температура в Каюте командира 30 гр.Ц.
;BI28_8SS1_DT3_T2;Сработка 8СС1-ДТ3 температура в Каюте командира 70 гр.Ц.
;BI28_8SS1_DT3_dT;Сработка 8СС1-ДТ3 изменение температуры в Каюте командира 10 гр.Ц. в мин.
;BI28_8SS1_DT1_T1;Сработка 8СС1-ДТ1 температура в Санузле командира 30 гр.Ц.
;BI28_8SS1_DT1_T2;Сработка 8СС1-ДТ1 температура в Санузле командира 70 гр.Ц.
;BI28_8SS1_DT1_dT;Сработка 8СС1-ДТ3 изменение температуры в Санузле командира 10 гр.Ц. в мин.
;BI28_8SS1_DT4_T1;Сработка 8СС1-ДТ4 температура в Каюте офицеров №2 30 гр.Ц.
;BI28_8SS1_DT4_T2;Сработка 8СС1-ДТ4 температура в Каюте офицеров №2 70 гр.Ц.
;BI28_8SS1_DT4_dT;Сработка 8СС1-ДТ4 изменение температуры в Каюте офицеров №2 10 гр.Ц. в мин.
;BI28_8SS1_DT5_T1;Сработка 8СС1-ДТ5 температура в Каюте офицеров №2 30 гр.Ц.
;BI28_8SS1_DT5_T2;Сработка 8СС1-ДТ5 температура в Каюте офицеров №2 70 гр.Ц.
;BI28_8SS1_DT5_dT;Сработка 8СС1-ДТ5 изменение температуры в Каюте офицеров №2 10 гр.Ц. в мин.
;BI28_8SS1_DT6_T1;Сработка 8СС1-ДТ6 температура в Станции ОХТ №2 30 гр.Ц.
;BI28_8SS1_DT6_T2;Сработка 8СС1-ДТ6 температура в Станции ОХТ №2 70 гр.Ц.
;BI28_8SS1_DT6_dT;Сработка 8СС1-ДТ6 изменение температуры в Станции ОХТ №2 10 гр.Ц. в мин.
;BI28_8SS1_DF1_f;Сработка 8СС1-ДФ1 дым в Коридоре №6 15%
;BI28_8SS1_DF2_f;Сработка 8СС1-ДФ2 дым в Коридоре №6 15%
;BI28_8SS1_DK1_V;Сработка 8СС1-ДК1 объем в Коридоре №6 20 мг. куб.
;BI28_8SS1_DK1_T;Сработка 8СС1-ДК1 температура в Коридоре №6 70 гр.Ц.
;BI28_8SS1_DK1_dT;Сработка 8СС1-ДК1 изменение температуры в Коридоре №6 10 гр.Ц. в мин.
;BI28_8SS1_DK1_f;Сработка 8СС1-ДК1 дым в Коридоре №6 25%
;BI28_8SS1_R1;Сработка 8СС1-Р1 в Коридоре №6
;BI28_8SS1_R2;Сработка 8СС1-Р2 в Коридоре №6
;BI28_8SS1_DF3_f;Сработка 8СС1-ДФ3 дым в Тамбуре №17 15%
;BI28_8SS1_R3;Сработка 8СС1-Р3 в Тамбуре №17
;BI28_8SS1_DT7_T1;Сработка 8СС1-ДТ7 температура в Каюте офицеров №1 30 гр.Ц.
;BI28_8SS1_DT7_T2;Сработка 8СС1-ДТ7 температура в Каюте офицеров №1 70 гр.Ц.
;BI28_8SS1_DT7_dT;Сработка 8СС1-ДТ7 изменение температуры в Каюте офицеров №1 10 гр.Ц. в мин.
;BI28_8SS1_DT8_T1;Сработка 8СС1-ДТ8 температура в Каюте офицеров №1 30 гр.Ц.
;BI28_8SS1_DT8_T2;Сработка 8СС1-ДТ8 температура в Каюте офицеров №1 70 гр.Ц.
;BI28_8SS1_DT8_dT;Сработка 8СС1-ДТ8 изменение температуры в Каюте офицеров №1 10 гр.Ц. в мин.
;BI28_8SS1_DT9_T1;Сработка 8СС1-ДТ9 температура в Каюте офицеров №3 30 гр.Ц.
;BI28_8SS1_DT9_T2;Сработка 8СС1-ДТ9 температура в Каюте офицеров №3 70 гр.Ц.
;BI28_8SS1_DT9_dT;Сработка 8СС1-ДТ9 изменение температуры в Каюте офицеров №3 10 гр.Ц. в мин.
;BI28_8SS1_DT10_T1;Сработка 8СС1-ДТ10 температура в Каюте офицеров №3 30 гр.Ц.
;BI28_8SS1_DT10_T2;Сработка 8СС1-ДТ10 температура в Каюте офицеров №3 70 гр.Ц.
;BI28_8SS1_DT10_dT;Сработка 8СС1-ДТ10 изменение температуры в Каюте офицеров №3 10 гр.Ц. в мин.
;BI28_8SS1_DF4_f;Сработка 8СС1-ДФ4 дым в Коридоре №7 15%
;BI28_8SS1_DF5_f;Сработка 8СС1-ДФ5 дым в Коридоре №7 15%
;BI28_8SS1_DK2_V;Сработка 8СС1-ДК2 объем в Коридоре №7 20 мг. куб.
;BI28_8SS1_DK2_T;Сработка 8СС1-ДК2 температура в Коридоре №7 70 гр.Ц.
;BI28_8SS1_DK2_dT;Сработка 8СС1-ДК2 изменение температуры в Коридоре №7 10 гр.Ц. в мин.
;BI28_8SS1_DK2_f;Сработка 8СС1-ДК2 дым в Коридоре №7 25%
;BI28_8SS1_R4;Сработка 8СС1-Р4 в Коридоре №7
;BI28_8SS1_R5;Сработка 8СС1-Р5 в Кают-компании
;BI28_8SS1_DT13_T1;Сработка 8СС1-ДТ13 температура в Кают-компании 30 гр.Ц.
;BI28_8SS1_DT13_T2;Сработка 8СС1-ДТ13 температура в Кают-компании 70 гр.Ц.
;BI28_8SS1_DT13_dT;Сработка 8СС1-ДТ13 изменение температуры в Кают-компании 10 гр.Ц. в мин.
;BI28_8SS1_DT14_T1;Сработка 8СС1-ДТ14 температура в Кают-компании 30 гр.Ц.
;BI28_8SS1_DT14_T2;Сработка 8СС1-ДТ14 температура в Кают-компании 70 гр.Ц.
;BI28_8SS1_DT14_dT;Сработка 8СС1-ДТ14 изменение температуры в Кают-компании 10 гр.Ц. в мин.
;BI28_8SS1_DT11_T1;Сработка 8СС1-ДТ11 температура в Радиорубке 30 гр.Ц.
;BI28_8SS1_DT11_T2;Сработка 8СС1-ДТ11 температура вРадиорубке 70 гр.Ц.
;BI28_8SS1_DT11_dT;Сработка 8СС1-ДТ11 изменение температуры в Радиорубке 10 гр.Ц. в мин.
;BI28_8SS1_DT12_T1;Сработка 8СС1-ДТ12 температура в Радиорубке 30 гр.Ц.
;BI28_8SS1_DT12_T2;Сработка 8СС1-ДТ12 температура вРадиорубке 70 гр.Ц.
;BI28_8SS1_DT12_dT;Сработка 8СС1-ДТ12 изменение температуры в Радиорубке 10 гр.Ц. в мин.
;BI29_9SS1_DK1_T;Сработка 9СС1-ДК1 температура в ГКП-ХКП 70 гр.Ц.
;BI29_9SS1_DK1_dT;Сработка 9СС1-ДК1 изменение температуры в ГКП-ХКП 10 гр.Ц. в мин.
;BI29_9SS1_DK1_f;Сработка 9СС1-ДК1 дым в ГКП-ХКП 25%
;BI29_9SS1_DK2_T;Сработка 9СС1-ДК2 температура в ГКП-ХКП 70 гр.Ц.
;BI29_9SS1_DK2_dT;Сработка 9СС1-ДК2 изменение температуры в ГКП-ХКП 10 гр.Ц. в мин.
;BI29_9SS1_DK2_f;Сработка 9СС1-ДК2 дым в ГКП-ХКП 25%
;BI29_9SS1_DK3_T;Сработка 9СС1-ДК3 температура в ГКП-ХКП 70 гр.Ц.
;BI29_9SS1_DK3_dT;Сработка 9СС1-ДК3 изменение температуры в ГКП-ХКП 10 гр.Ц. в мин.
;BI29_9SS1_DK3_f;Сработка 9СС1-ДК3 дым в ГКП-ХКП 25%
;BI29_9SS1_DK4_T;Сработка 9СС1-ДК4 температура в ГКП-ХКП 70 гр.Ц.
;BI29_9SS1_DK4_dT;Сработка 9СС1-ДК4 изменение температуры в ГКП-ХКП 10 гр.Ц. в мин.
;BI29_9SS1_DK4_f;Сработка 9СС1-ДК4 дым в ГКП-ХКП 25%
;BI29_9SS1_R1;Сработка 9СС1-Р1 в ГКП-ХКП
;BI29_9SS1_R2;Сработка 9СС1-Р2 в ГКП-ХКП
;BI29_9SS1_R3;Сработка 9СС1-Р3 в ГКП-ХКП
;BI29_9SS1_DK7_T;Сработка 9СС1-ДК7 температура в Клад. сигн. средств №1 70 гр.Ц.
;BI29_9SS1_DK7_dT;Сработка 9СС1-ДК7 изменение температуры в Клад. сигн. средств №1 10 гр.Ц. в мин.
;BI29_9SS1_DK7_f;Сработка 9СС1-ДК7 дым в Клад. сигн. средств №1 25%
;BI29_9SS1_DK5_T;Сработка 9СС1-ДК5 температура в Штурманском посту 70 гр.Ц.
;BI29_9SS1_DK5_dT;Сработка 9СС1-ДК5 изменение температуры в Штурманском посту 10 гр.Ц. в мин.
;BI29_9SS1_DK5_f;Сработка 9СС1-ДК5 дым в Штурманском посту 25%
;BI29_9SS1_DK6_T;Сработка 9СС1-ДК6 температура в Пом. заряд. агрегата 70 гр.Ц.
;BI29_9SS1_DK6_dT;Сработка 9СС1-ДК6 изменение температуры в Пом. заряд. агрегата 10 гр.Ц. в мин.
;BI29_9SS1_DK6_f;Сработка 9СС1-ДК6 дым в Пом. заряд. агрегата 25%
;BI29_9SS1_DT1_f`1;Сработка 9СС1-ДТ1 влажность в Пом. заряд. агрегата 98%
;BI29_9SS1_DT1_f`2;Сработка 9СС1-ДТ1 влажность в Пом. заряд. агрегата 80%
;BI29_9SS1_DT1_T1;Сработка 9СС1-ДТ1 температура в Пом. заряд. агрегата 30 гр.Ц.
;BI29_9SS1_DT1_T2;Сработка 9СС1-ДТ1 температура в Пом. заряд. агрегата 70 гр.Ц.
;BI29_9SS1_DTV1_f1;Сработка 9СС1-ДТВ1 влажность в Аккумул. суд. батарей 98%
;BI29_9SS1_DTV1_f2;Сработка 9СС1-ДТВ1 влажность в Аккумул. суд. батарей 80%
;BI29_9SS1_DTV1_T1;Сработка 9СС1-ДТВ1 температура в Аккумул. суд. батарей 30 гр.Ц.
;BI29_9SS1_DTV1_T2;Сработка 9СС1-ДТВ1 температура в Аккумул. суд. батарей 70 гр.Ц.
;BI29_9SS1_DTV2_f1;Сработка 9СС1-ДТВ2 влажность в Аккумул. суд. батарей 98%
;BI29_9SS1_DTV2_f2;Сработка 9СС1-ДТВ2 влажность в Аккумул. суд. батарей 80%
;BI29_9SS1_DTV2_T1;Сработка 9СС1-ДТВ2 температура в Аккумул. суд. батарей 30 гр.Ц.
;BI29_9SS1_DTV2_T2;Сработка 9СС1-ДТВ2 температура в Аккумул. суд. батарей 70 гр.Ц.
;BI29_9SS1_DFV1_f;Сработка 9СС1-ДФВ1 дым в Аккумул. суд. батарей 15%
;BI29_9SS1_RV1;Сработка 9СС1-РВ1  в Аккумул. суд. Батарей
;BI30_10SS1_DT3_T1;Сработка 10СС1-ДТ3 температура в Буфетной 30 гр.Ц.
;BI30_10SS1_DT3_T2;Сработка 10СС1-ДТ3 температура в Буфетной 70 гр.Ц.
;BI30_10SS1_DT3_dT;Сработка 10СС1-ДТ3 изменение температуры в Буфетной 10 гр.Ц. в мин.
;BI30_10SS1_DK2_T;Сработка 10СС1-ДК2 температура в Пом. кондиционеров и ФВУ 70 гр.Ц.
;BI30_10SS1_DK2_dT;Сработка 10СС1-ДК2 изменение температуры в Пом. кондиционеров и ФВУ 10 гр.Ц. в мин.
;BI30_10SS1_DK2_f;Сработка 10СС1-ДК2 дым в Пом. кондиционеров и ФВУ15%
;BI30_10SS1_DF7_f;Сработка 10СС1-ДФ7 дым в Раздевальной офицеров 15%
;BI30_10SS1_DF4_f;Сработка 10СС1-ДФ4 дым в Тамбуре №18 15%
;BI30_10SS1_R5;Сработка 10СС1-Р5 в Тамбуре №18
;BI30_10SS1_DF6_f;Сработка 10СС1-ДФ6 дым в Гальюне офицеров 15%
;BI30_10SS1_DT1_T1;Сработка 10СС1-ДТ1 температура в СПС 30 гр.Ц.
;BI30_10SS1_DT1_T2;Сработка 10СС1-ДТ1 температура в СПС 70 гр.Ц.
;BI30_10SS1_DT1_dT;Сработка 10СС1-ДТ1 изменение температуры в СПС 10 гр.Ц. в мин.
;BI30_10SS1_DT2_T1;Сработка 10СС1-ДТ2 температура в СПС 30 гр.Ц.
;BI30_10SS1_DT2_T2;Сработка 10СС1-ДТ2 температура в СПС 70 гр.Ц.
;BI30_10SS1_DT2_dT;Сработка 10СС1-ДТ2 изменение температуры в СПС 10 гр.Ц. в мин.
;BI30_10SS1_DK1_T;Сработка 10СС1-ДК1 температура в СПС 70 гр.Ц.
;BI30_10SS1_DK1_dT;Сработка 10СС1-ДК1 изменение температуры в СПС 10 гр.Ц. в мин.
;BI30_10SS1_DK1_f;Сработка 10СС1-ДК1 дым в СПС 15%
;BI30_10SS1_DT4_T1;Сработка 10СС1-ДТ4 температура в Агрегатной РТС 30 гр.Ц.
;BI30_10SS1_DT4_T2;Сработка 10СС1-ДТ4 температура в Агрегатной РТС 70 гр.Ц.
;BI30_10SS1_DT4_dT;Сработка 10СС1-ДТ4 изменение температуры в Агрегатной РТС 10 гр.Ц. в мин.
;BI30_10SS1_DK3_T;Сработка 10СС1-ДК3 температура в Агрегатной РТС 70 гр.Ц.
;BI30_10SS1_DK3_dT;Сработка 10СС1-ДК3 изменение температуры в Агрегатной РТС 10 гр.Ц. в мин.
;BI30_10SS1_DK3_f;Сработка 10СС1-ДК3 дым в Агрегатной РТС 15%
;BI30_10SS1_DF3_f;Сработка 10СС1-ДФ3 дым в Тамбуре №19 15%
;BI30_10SS1_R3;Сработка 10СС1-Р3 в Тамбуре №19
;BI30_10SS1_R4;Сработка 10СС1-Р4 в Тамбуре №19
;BI30_10SS1_DK4_T;Сработка 10СС1-ДК4 температура в Помещении щитов №5 70 гр.Ц.
;BI30_10SS1_DK4_dT;Сработка 10СС1-ДК4 изменение температуры в Помещении щитов №5 10 гр.Ц. в мин.
;BI30_10SS1_DK4_f;Сработка 10СС1-ДК4 дым в Помещении щитов №5 15%
;BI30_10SS1_DT6_f1;Сработка 10СС1-ДТ6 влажность в Помещении щитов №5 98%
;BI30_10SS1_DT6_f2;Сработка 10СС1-ДТ6 влажность в Помещении щитов №5 80%
;BI30_10SS1_DT6_T1;Сработка 10СС1-ДТ6 температура в Помещении щитов №5 30 гр.Ц.
;BI30_10SS1_DT6_T2;Сработка 10СС1-ДТ6 температура в Помещении щитов №5 70 гр.Ц.
;BI30_10SS1_DT5_f1;Сработка 10СС1-ДТ5 влажность в Помещении изделия 67 98%
;BI30_10SS1_DT5_f2;Сработка 10СС1-ДТ5 влажность в Помещении изделия 67 80%
;BI30_10SS1_DT5_T1;Сработка 10СС1-ДТ5 температура в Помещении изделия 67 30 гр.Ц.
;BI30_10SS1_DT5_T2;Сработка 10СС1-ДТ5 температура в Помещении изделия 67 70 гр.Ц.
;BI30_10SS1_DF5_f;Сработка 10СС1-ДФ5 дым в Помещении изделия 67 15%
;BI30_10SS1_VTE1_T;Сработка 10СС1-ВТЭ1 температура в Шахте газоходов №3 120 гр.Ц.
;BI30_10SS1_VTE2_T;Сработка 10СС1-ВТЭ2 температура в Шахте газоходов №3 120 гр.Ц.
;BI30_10SS1_DF8_f;Сработка 10СС1-ДФ5 дым в Пом. сбора тверд. отходов 15%
;BI30_10SS1_DF9_f;Сработка 10СС1-ДФ9 дым в Пом. сбора тверд. отходов 15%
;BI30_10SS1_DK5_T;Сработка 10СС1-ДК5 температура в Кладовой сигн. средств №2 70 гр.Ц.
;BI30_10SS1_DK5_dT;Сработка 10СС1-ДК5 изменение температуры в Кладовой сигн. средств №2 10 гр.Ц. в мин.
;BI30_10SS1_DK5_f;Сработка 10СС1-ДК5 дым в Кладовой сигн. средств №2 15%
;BI30_10SS1_DF1_f;Сработка 10СС1-ДФ1 дым в Коридоре №8 15%
;BI30_10SS1_DF2_f;Сработка 10СС1-ДФ2 дым в Коридоре №8 15%
;BI30_10SS1_R1;Сработка 10СС1-Р1 в Коридоре №8
;BI30_10SS1_R2;Сработка 10СС1-Р2 в Коридоре №8
;FI20_MALJAR_KLAD_001;Пожарная опасность в Молярной кладовой
;FI20_TAKEL_KLAD_002;Пожарная опасность в Такелажной кладовой
;FI20_FORPIK_003;Пожарная опасность в Форпике
;FI20_SHKIP_KLAD_004;Пожарная опасность в Шкиперской кладовой
;FI20_KLAD_SUH_PR_005;Пожарная опасность в Клад. сух. пр. и хлеба
;FI20_POM_MOROZ_006;Пожарная опасность в Пом. мороз. шкафов
;FI20_POM_HOLOD_007;Пожарная опасность Пом. холод. шкафов
;FI20_POM_SHHITOV_2_008;Пожарная опасность в Помещении щитов №2
;FI20_POST_PMO_2_009;Пожарная опасность в Посту ПМО №2
;FI20_TAMBUR_4_010;Пожарная опасность в Тамбуре №4
;FI20_TAMBUR_5_011;Пожарная опасность в Тамбуре №5
;FI20_AGREGAT_PUS_012;Пожарная опасность в Агрегатной ПУС
;FI20_KLAD_ZIP_1_013;Поажрная опасность в Кладовой ЗИП №1
;FI20_POM_MEHAN_014;Пожарная опасность в Пом. механизмов ПУ
;FI20_POM_TR_PU_015;Пожарная опасность в Пом. тр. ПУ и сточ. ц. 1
;FI20_TAMBUR_1_016;Пожарная опасность в Тамбуре №1
;FI20_ASU_DIEZ_017;Пожарная опасность в АСУ Диез
;FI20_GALUN_MICHM_018;Пожарная опасность в Гальюне мичманов
;FI20_KAJUTA_MICHM_1_019;Пожарная опасность в Каюте мичманов №1
;FI20_KAJUTA_MICHM_2_020;Пожарная опасность в Каюте мичманов №2
;FI20_KORIDOR_1_021;Пожарная опасность в Коридоре №1
;FI20_KORIDOR_2_022;Пожарная опасность в Коридоре №2
;FI20_POM_SHHITOV_3_023;Пожарная опасность в Помещении щитов №3
;FI20_POSUDOMOECH_024;Пожарная опасность в Посудомоечной
;FI20_RAZD_MICHMAN_025;Пожарная опасность в Раздевал. мичманов
;FI20_RUBKA_GIDROAK_026;Пожарная опасность в Рубке гидроакустики
;FI20_SPEC_ARHIV_027;Пожарная опасность в Спец. архиве
;FI20_STOLOVAJA_028;Пожарная опасность в Столовой
;FI20_TAMBUR_6_029;Пожарная опасность в Тамбуре №6
;FI20_TAMBUR_7_030;Пожарная опасность в Тамбуре №7
;FI20_TAMBUR_8_031;Пожарная опасность в Тамбуре №8
;FI20_TAMBUR_9_032;Пожарная опасность в Тамбуре №9
;FI20_TP_033;Пожарная опасность в ТП
;FI20_KUBRIK_1_034;Пожарная опасность в Кубрике №1
;FI20_KUBRIK_2_035;Пожарная опасность в Кубрике №2
;FI20_POM_SHHITOV_1_036;Пожарная опасность в Помещении щитов №1
;FI20_SANUZEL_1_037;Пожарная опасность в Санузле №1
;FI20_SANUZEL_2_038;Пожарная опасность в Санузле №2
;FI20_TAMBUR_2_039;Пожарная опасность в Тамбуре №2
;FI20_SHAHTA_GAS_1_040;Пожарная опасность в Шахте ГАС №1
;FI20_AGREG_POU_GAS_041;Пожарная опасность в Агрег. ПОУ ГАС
;FI20_APPARAT_GIDROAK_042;Пожарная опасность в Аппарат. гидроакус.
;FI20_GIROPOST_043;Пожарная опасновть в Гиропосту
;FI20_P_OBOR_SIS_PRES_044;Пожарная опасность в П. обор. сис. прес. воды
;FI20_POM_SBORA_STOK_045;Пожарная опасновть в Пом. сбора стоков
;FI20_HIMICH_KLAD_046;Пожарная опасность в химической кладовой
;FI20_KAMBUZ_047;Пожарная опасность в Камбузе
;FI20_KLAD_ZIP_2_048;Пожарная опасность в Кладовой ЗИП №2
;FI20_KORIDOR_3_049;Пожарная опасность в Коридоре №3
;FI20_KPEZH_050;Пожарная опасность в КПЭЖе
;FI20_POM_IZD_KDS703_051;Пожарная опасность в Пом. изделия КДС-703
;FI20_POM_GRSHH_1_052;Пожарная опасность в Помещении ГРЩ №1
;FI20_RASH_KLAD_053;Пожарная опасность в Расх. клад. камбуза
;FI20_TAMBUR_10_054;Пожарная опасность в Тамбуре №10
;FI20_TAMBUR_11_055;Пожарная опасность в Тамбуре №11
;FI20_MO_056;Пожарная опасность в МО
;FI20_AGREG_PMO_2_057;Пожарная опасность в Агрегатной ПМО №2
;FI20_KORIDOR_5_058;Пожарная опасность в Коридоре №5
;FI20_POM_SHHITOV_4_059;Пожарная опасность в Помещении щитов №4
;FI20_POST_PMO_1_060;Пожарная опасность в Посту ПМО №1
;FI20_PRACHECH_061;Пожарная опасность в Прачечной
;FI20_STAN_OHT_1_062;Пожарная опасность в Станции ОХТ №1
;FI20_SUSHILNAJA_063;Пожарная опасность в Сушильной
;FI20_TAMBUR_16_064;Пожарная опасность в Тамбуре №16
;FI20_TAMBUR_SHLJUZ_15_065;Пожарная опасность в Тамбур-шлюзе №15
;FI20_ELLING_BT_066;Пожарная опасность в Эллинге БТ
;FI20_VODOLAZ_KLAD_2_067;Пожарная опасность в Водолазной кладовой №2
;FI20_POM_DEZHURNOGO_068;Пожарная опасность в Помещении дежурного
;FI20_TAMBUR_14_69;Пожарная опасность в Тамбуре №14
;FI20_ELLING_SPA_070;Пожарная опасность в Эллинге СПА
;FI20_VODOLAZ_KLAD_1_071;Пожарная опасность в Водолазной кладовой №1
;FI20_POM_NAS_AGREG_072;Пожарная опасность в Пом. насос. агрегата
;FI20_POM_GRSHH_2_073;Пожарная опасность в Помещении ГРЩ №2
;FI20_TAMBUR_3_074;Пожарная опасность в Тамбуре №3
;FI20_DGO_075;Пожарная опасность в ДГО
;FI20_KORIDOR_4_076;Пожарная опасность в Коридоре №4
;FI20_POM_BP_RHR_077;Пожарная опасность в Помещении БП РХР
;FI20_RAZDEV_KOMAND_078;Пожарная опасность в Раздев. команды
;FI20_SANUZEL_3_079;Пожарная опасность в Санузле №3
;FI20_TAMBUR_12_80;Пожарная опасность в Тамбуре №12
;FI20_TAMBUR_13_81;Пожарная опасность в Тамбуре №13
;FI20_SHAHTA_GAZOH_1_082;Пожарная опасность в Шахте газоходов №1
;FI20_SHAHTA_GAZOH_2_083;Пожарная опасность в Шахте газоходов №2
;FI20_OVM_084;Пожарная опасность в ОВМ
;FI20_POM_PPR_085;Пожарная опасность в Помещении ППР
;FI20_POM_OBOR_STOCH_SIS_086;Пожарная опасность в П. оборуд. сточ. сист.
;FI20_AGREGAT_PMO_1_087;Пожарная опасность в Агрегатной ПМО №1
;FI20_KLAD_ASI_088;Пожарная опасность в Кладовой АСИ
;FI20_POM_GIDROAGR_089;Пожарная опасность в Пом. гидроагрегатов
;FI20_RUMP_OTDEL_090;Пожарная опасность в Румпельном отделении
;FI20_TRAL_KLAD_091;Пожарная опасность в Тральной кладовой
;FI20_KAJUTA_KOMAND_092;Пожарная опасность в Каюте командира
;FI20_KAJUTA_OFICEROV_1_093;Пожарная опасность в Каюте офицеров №1
;FI20_KAJUTA_OFICEROV_2_094;Пожарная опасность в Каюте офицеров №2
;FI20_KAJUTA_OFICEROV_3_095;Пожарная опасность в Каюте офицеров №3
;FI20_KAJUT_KOMP_096;Пожарная опасность в Кают-компании
;FI20_KORIDOR_6_097;Пожарная опасность в Коридоре №6
;FI20_KORIDOR_7_098;Пожарная опасность в Коридоре №7
;FI20_RADIORUBKA_099;Пожарная опасность в Радиорубке
;FI20_SANUZEL_KOMAND_100;Пожарная опасность в Санузле командира
;FI20_STAN_OHT_2_101;Пожарная опасность в Станции ОХТ №2
;FI20_TAMBUR_17_102;Пожарная опасность в Тамбуре №17
;FI20_AKKUMUL_SUD_BAT_103;Пожарная опасность в Аккумул. суд. батарей
;FI20_GKP_HKP_104;Пожарная опасность в ГКП-ХКП
;FI20_KLAD_SIGN_SR_1_105;Пожарная опасность в Клад. сигн. средств №1
;FI20_POM_ZAR_AGREG_106;Пожарная опасность в Пом. заряд. агрегата
;FI20_SHTURMAN_POST_107;Пожарная опасность в Штурманском посту
;FI20_AGREGAT_RTS_108;Пожарная опасность в Агрегатной РТС
;FI20_BUFETNAJA_109;Пожарная опасность в Буфетной
;FI20_GALJUN_OFICEROV_110;Пожарная опасность в Гальюне офицеров
;FI20_KORIDOR_8_111;Пожарная опасность в Коридоре №8
;FI20_POM_KONDIC_FVU_112;Пожарная опасность в П. кондицион. и ФВУ
;FI20_POM_IZD_67_113;Пожарная опасность в Помещении изд. 67
;FI20_POM_SHHITOV_5_114;Пожарная опасность в Помещении щитов №5
;FI20_RAZDEV_OFICEROV_115;Пожарная опасность в Раздевал. офицеров
;FI20_SPS_116;Пожарная опасность в СПС
;FI20_TAMBUR_18_117;Пожарная опасность в Тамбуре №18
;FI20_TAMBUR_19_118;Пожарная опасность в Тамбуре №19
;FI20_KLAD_SIGN_SR_2_119;Пожарная опасность в Клад. сигн. средств №2
;FI20_POM_SBORA_TV_OTHOD_120;Пожарная опасность в Пом. сбора тв. отходов
;FI20_SHAHTA_GAZOH_3_121;Пожарная опасность в Шахте газоходов №3
;FI20_POGREB_MIN_TRAL_BZ_122;Пожарная опасность в Погребе мин-трал. б/з
;FI20_POM_STRELKORUZ_123;Пожарная опасность в Пом. стрелк. оружия
;FI20_POM_BZ_STR_DP64_124;Пожарная опасность в Пом. б/з стр. ор. ДП-64
;FI20_PODBASH_OTD_125;Пожарная опасность в Подбашенном отд.
;FI20_POM_BZ_AK306_126;Пожарная опасность в Пом. б/з АК-306
;FI20_POM_IZD_9K38_127;Пожарная опасность в Помещении изд. 9К38
;FI20_SS1_119;Информация о неисправности на линии связи СС1-119
;FI20_SS1_122;Информация о неисправности на линии связи СС1-122
;BI26_6SS1_DT18_f1;Сработка 4СС1-ДТ16 влажность в  Пом. ГРЩ №1 98%
;BI26_6SS1_DT18_f2;Сработка 4СС1-ДТ16 влажность в  Пом. ГРЩ №1 80%
;BI26_6SS1_DT18_T1;Сработка 4СС1-ДТ16 температура в  Пом. ГРЩ №1 30 гр.Ц.
;BI26_6SS1_DT18_T2;Сработка 4СС1-ДТ16 температура в  Пом. ГРЩ №1 70 гр.Ц.
;FI20_POGREB_MIN_TRAL_BZ_122_Z;Пожарная опасность в Погребе мин-трал. б/з
;FI20_POM_STRELKORUZ_123_Z;Пожарная опасность в Пом. стрелк. оружия
;FI20_POM_BZ_STR_DP64_124_Z;Пожарная опасность в Пом. б/з стр. ор. ДП-64
;FI20_PODBASH_OTD_125_Z;Пожарная опасность в Подбашенном отд.
;FI20_POM_BZ_AK306_126_Z;Пожарная опасность в Пом. б/з АК-306
;FI20_POM_IZD_9K38_127_Z;Пожарная опасность в Помещении изд. 9К38